University Admission year,Gender,Age,H.S.C passing year,Program,Current Semester,Do you have meritorious scholarship ?,Do you use University transportation?,How many hour do you study daily?,How many times do you seat for study in a day?,What is your preferable learning mode?,Do you use smart phone?,Do you have personal Computer?,How many hour do you spent daily in social media?,Status of your English language proficiency,Average attendance on class,Did you ever fall in probation?,Did you ever got suspension?,Do you attend in teacher consultancy for any kind of academical problems?,What are the skills do you have ?,How many hour do you spent daily on your skill development?,What is you interested area?,What is your relationship status?,Are you engaged with any co-curriculum activities?,With whom you are living with?,Do you have any health issues?,What was your previous SGPA?,Do you have any physical disabilities?,What is your current CGPA?,How many Credit did you have completed?,What is your monthly family income?,student_id,attendance_clean,health_issues_clean,relationship_clean,interested_area_clean,skills_clean,performance_risk_label,performance_risk_binary,predicted_risk_binary,predicted_risk_label,predicted_risk_probability,predicted_confidence
2018,Male,24,2016,BCSE,12,Yes,No,3,2,Offline,Yes,Yes,5,Intermediate,90,No,No,Yes,Software Development,2,Data Schince,Single,Yes,Bachelor,No,2.68,No,3.15,75,25000,STU1000,90.0,No,Single,Data Science,Software Development,At Risk,1,1,At Risk,0.5339551408911245,0.5339551408911245
2021,Male,22,2020,BCSE,4,Yes,Yes,3,2,Online,Yes,Yes,3,Basic,96,Yes,No,No,Web development,2,Event management,Single,Yes,Family,No,2.68,No,3.15,36,100000,STU1001,96.0,No,Single,Management,Web Development,At Risk,1,1,At Risk,0.880064652830533,0.880064652830533
2020,Female,21,2019,BCSE,5,No,No,3,3,Offline,Yes,Yes,3,Intermediate,80,No,No,Yes,Programming,1,Software,Single,No,Bachelor,No,2.68,No,3.15,50,50000,STU1002,80.0,No,Single,Software,Programming,At Risk,1,1,At Risk,0.7533741424004525,0.7533741424004525
2021,Male,20,2020,BCSE,4,Yes,No,1,3,Offline,Yes,Yes,2,Intermediate,88,No,No,Yes,Programming,1,Artificial Intelligence,Single,No,Bachelor,Yes,2.68,No,3.15,36,62488,STU1003,88.0,Yes,Single,Artificial Intelligence,Programming,At Risk,1,1,At Risk,0.8377858775355298,0.8377858775355298
2021,Male,22,2019,BCSE,4,Yes,No,3,1,Online,Yes,Yes,2,Intermediate,80,No,No,Yes,Programming,1,Software,Relationship,No,Bachelor,Yes,2.68,No,3.15,36,50000,STU1004,80.0,Yes,Relationship,Software,Programming,At Risk,1,1,At Risk,0.8032385596344496,0.8032385596344496
2021,Male,20,2020,BCSE,4,Yes,Yes,2,2,Offline,Yes,Yes,1,Intermediate,95,No,No,Yes,Web development,2,Software,Single,Yes,Family,No,2.68,No,3.15,36,30000,STU1005,95.0,No,Single,Software,Web Development,At Risk,1,1,At Risk,0.8197626560612815,0.8197626560612815
2021,Male,22,2018,BCSE,4,Yes,No,2,4,Online,Yes,Yes,2,Intermediate,80,No,No,No,Web development,6,Software,Single,No,Bachelor,Yes,2.68,No,3.15,36,20000,STU1006,80.0,Yes,Single,Software,Web Development,At Risk,1,1,At Risk,0.8477734865486992,0.8477734865486992
2021,Female,22,2019,BCSE,4,Yes,No,2,2,Offline,Yes,Yes,2,Basic,100,Yes,No,Yes,Web development,1,NETWORKING,Single,No,Bachelor,No,3.8,No,3.64,35,32500,STU1007,100.0,No,Single,Networking,Web Development,Good,0,0,Good,0.13784425997119495,0.862155740028805
2021,Male,20,2020,BCSE,4,Yes,No,3,2,Offline,Yes,Yes,2,Intermediate,90,No,No,No,Programming,3,Software,Single,No,Bachelor,No,2.68,No,3.15,36,20000,STU1008,90.0,No,Single,Software,Programming,At Risk,1,1,At Risk,0.7160874416258928,0.7160874416258928
2021,Female,22,2020,BCSE,4,Yes,Yes,5,2,Offline,Yes,Yes,2,Intermediate,100,No,No,Yes,Programming,1,Artificial Intelligence,Single,No,Family,No,2.68,No,3.15,36,25000,STU1009,100.0,No,Single,Artificial Intelligence,Programming,At Risk,1,1,At Risk,0.6569859687371585,0.6569859687371585
2021,Male,22,2019,BCSE,4,Yes,Yes,3,2,Online,Yes,Yes,3,Intermediate,90,No,No,Yes,Programming,1,Software,Single,Yes,Family,No,2.68,No,3.15,36,50000,STU1010,90.0,No,Single,Software,Programming,At Risk,1,1,At Risk,0.6698425611701281,0.6698425611701281
2021,Male,22,2019,BCSE,4,No,No,3,2,Offline,Yes,Yes,2,Basic,90,No,No,No,Programming,2,Software,Single,No,Bachelor,Yes,3.4,No,3.53,35,20000,STU1011,90.0,Yes,Single,Software,Programming,Good,0,0,Good,0.3633999778840969,0.6366000221159032
2021,Female,22,2020,BCSE,4,No,Yes,1,1,Offline,Yes,Yes,1,Basic,100,No,No,Yes,Programming,2,Software,Single,No,Family,No,2.68,No,3.15,36,50000,STU1012,100.0,No,Single,Software,Programming,At Risk,1,1,At Risk,0.8633500503251673,0.8633500503251673
2021,Female,21,2019,BCSE,4,Yes,No,3,2,Offline,Yes,Yes,1,Intermediate,90,No,No,No,Programming,1,Software,Single,No,Bachelor,No,2.68,No,3.15,36,24000,STU1013,90.0,No,Single,Software,Programming,At Risk,1,1,At Risk,0.6892415968468812,0.6892415968468812
2021,Female,21,2018,BCSE,4,No,Yes,2,2,Offline,Yes,Yes,1,Basic,97,No,No,No,Programming,2,Software,Single,No,Family,No,2.68,No,3.15,36,70000,STU1014,97.0,No,Single,Software,Programming,At Risk,1,1,At Risk,0.7990882840744565,0.7990882840744565
2021,Male,20,2020,BCSE,4,Yes,Yes,2,1,Offline,Yes,Yes,1,Basic,95,No,No,Yes,Programming,3,Software,Single,Yes,Family,No,3.93,No,3.89,35,30000,STU1015,95.0,No,Single,Software,Programming,Good,0,0,Good,0.15216058133033517,0.8478394186696648
2021,Male,22,2019,BCSE,4,Yes,Yes,5,3,Online,Yes,Yes,1,Intermediate,95,No,No,Yes,Programming,2,Machine Learning,Single,Yes,Family,No,2.68,No,3.15,36,40000,STU1016,95.0,No,Single,Machine Learning,Programming,At Risk,1,1,At Risk,0.7911301720340309,0.7911301720340309
2021,Female,21,2020,BCSE,4,Yes,No,5,1,Offline,Yes,Yes,2,Basic,97,No,No,No,Programming,2,Software,Single,No,Family,No,2.68,No,3.15,36,50000,STU1017,97.0,No,Single,Software,Programming,At Risk,1,1,At Risk,0.828185975683068,0.828185975683068
2021,Male,21,2020,BCSE,4,Yes,No,1,2,Online,Yes,Yes,3,Advance,70,No,No,Yes,Programming,2,Software,Relationship,No,Family,No,3.1,No,3.5,35,62488,STU1018,70.0,No,Relationship,Software,Programming,Good,0,0,Good,0.2755779867348375,0.7244220132651624
2021,Male,19,2020,BCSE,4,No,Yes,3,2,Online,Yes,Yes,2,Intermediate,70,Yes,No,Yes,Web development,2,Software,Single,No,Family,No,2.68,No,3.15,36,20000,STU1019,70.0,No,Single,Software,Web Development,At Risk,1,1,At Risk,0.8985102455369541,0.8985102455369541
2021,Female,21,2019,BCSE,4,Yes,No,3,2,Offline,Yes,Yes,2,Intermediate,96,No,No,Yes,Web development,1,Web development,Single,Yes,Bachelor,No,3.81,No,3.65,34,30000,STU1020,96.0,No,Single,Web Development,Web Development,Good,0,0,Good,0.24973245854381024,0.7502675414561898
2021,Male,21,2020,BCSE,4,Yes,No,3,3,Offline,Yes,Yes,2,Intermediate,80,Yes,No,No,Networking,2,NETWORKING,Single,No,Bachelor,No,2.68,No,3.15,36,50000,STU1021,80.0,No,Single,Networking,Networking,At Risk,1,1,At Risk,0.8679985569985571,0.8679985569985571
2021,Male,22,2020,BCSE,4,Yes,No,2,1,Offline,Yes,Yes,2,Intermediate,98,No,No,Yes,Web development,2,Software,Single,Yes,Bachelor,No,2.68,No,3.15,36,20000,STU1022,98.0,No,Single,Software,Web Development,At Risk,1,1,At Risk,0.7655152010823129,0.7655152010823129
2020,Female,21,2019,BCSE,4,No,Yes,6,3,Offline,Yes,Yes,3,Intermediate,95,No,No,No,Programming,3,Software,Single,Yes,Family,No,2.68,No,3.15,36,25000,STU1023,95.0,No,Single,Software,Programming,At Risk,1,1,At Risk,0.8028300574173001,0.8028300574173001
2021,Male,21,2020,BCSE,4,Yes,Yes,1,1,Online,Yes,Yes,1,Advance,85,No,No,Yes,Content creation,2,Machine Learning,Single,Yes,Bachelor,Yes,3.89,No,3.81,35,35000,STU1024,85.0,Yes,Single,Machine Learning,Content Creation,Good,0,0,Good,0.08235557706613335,0.9176444229338666
2021,Female,20,2020,BCSE,4,No,No,3,2,Offline,Yes,Yes,1,Basic,97,No,No,Yes,Programming,2,Software,Single,No,Family,No,3.79,No,3.82,39,50000,STU1025,97.0,No,Single,Software,Programming,Good,0,0,Good,0.14018327280013326,0.8598167271998667
2021,Male,20,2020,BCSE,4,No,No,4,3,Offline,Yes,No,3,Basic,95,No,No,No,Programming,2,Software,Single,Yes,Bachelor,No,2.68,No,3.15,36,4000,STU1026,95.0,No,Single,Software,Programming,At Risk,1,1,At Risk,0.8203486839796009,0.8203486839796009
2021,Male,19,2020,BCSE,4,Yes,Yes,2,1,Online,Yes,Yes,4,Intermediate,70,Yes,No,Yes,Programming,4,Artificial Intelligence,Single,Yes,Family,Yes,3.55,No,3.48,35,40000,STU1027,70.0,Yes,Single,Artificial Intelligence,Programming,Good,0,0,Good,0.1669069643806486,0.8330930356193514
2021,Male,21,2020,BCSE,4,Yes,Yes,2,1,Online,Yes,Yes,2,Intermediate,95,No,No,Yes,Web development,2,Software,Single,Yes,Bachelor,Yes,3.28,No,3.32,36,8000,STU1028,95.0,Yes,Single,Software,Web Development,Good,0,0,Good,0.18186452656908667,0.8181354734309133
2021,Male,25,2020,BCSE,4,Yes,No,3,3,Offline,Yes,Yes,2,Intermediate,100,No,No,Yes,Programming,3,Software,Single,Yes,Bachelor,No,2.68,No,3.15,36,47972,STU1029,100.0,No,Single,Software,Programming,At Risk,1,1,At Risk,0.7890784942225099,0.7890784942225099
2022,Male,20,2020,BCSE,2,Yes,Yes,3,3,Online,Yes,Yes,4,Intermediate,90,No,No,Yes,Programming,2,Machine Learning,Single,No,Family,No,2.68,No,3.15,11,30000,STU1030,90.0,No,Single,Machine Learning,Programming,At Risk,1,1,At Risk,0.845251628649757,0.845251628649757
2022,Male,20,2020,BCSE,2,Yes,Yes,4,2,Offline,Yes,Yes,2,Intermediate,95,No,No,Yes,Programming,3,Software,Single,Yes,Family,No,2.68,No,3.15,11,90000,STU1031,95.0,No,Single,Software,Programming,At Risk,1,1,At Risk,0.8421142810101203,0.8421142810101203
2022,Male,21,2021,BCSE,2,No,No,5,5,Offline,Yes,Yes,2,Intermediate,90,No,No,No,Programming,1,Software,Single,No,Bachelor,No,2.68,No,3.15,11,30000,STU1032,90.0,No,Single,Software,Programming,At Risk,1,1,At Risk,0.787932053088038,0.787932053088038
2021,Male,23,2018,BCSE,4,Yes,No,8,4,Offline,Yes,Yes,2,Intermediate,100,No,No,No,Programming,2,Software,Single,Yes,Bachelor,No,2.68,No,3.15,36,37000,STU1033,100.0,No,Single,Software,Programming,At Risk,1,1,At Risk,0.7945810675088772,0.7945810675088772
2022,Male,20,2020,BCSE,2,Yes,Yes,1,1,Offline,Yes,Yes,2,Basic,95,No,No,No,Programming,1,Software,Single,Yes,Family,No,2.68,No,3.15,11,35000,STU1034,95.0,No,Single,Software,Programming,At Risk,1,1,At Risk,0.8210170325082257,0.8210170325082257
2022,Female,20,2020,BCSE,2,Yes,Yes,3,1,Online,Yes,No,1,Intermediate,80,No,No,No,Programming,2,Software,Single,Yes,Family,No,2.68,No,3.15,11,50000,STU1035,80.0,No,Single,Software,Programming,At Risk,1,1,At Risk,0.8512915662895802,0.8512915662895802
2022,Female,21,2019,BCSE,2,Yes,No,2,1,Offline,Yes,Yes,3,Basic,99,No,No,Yes,Web development,2,Artificial Intelligence,Single,No,Bachelor,No,2.68,No,3.15,11,30000,STU1036,99.0,No,Single,Artificial Intelligence,Web Development,At Risk,1,1,At Risk,0.666935657904036,0.666935657904036
2019,Male,24,2016,BCSE,11,No,No,2,2,Online,Yes,Yes,5,Basic,70,Yes,No,Yes,Programming,4,Software,Single,No,Bachelor,Yes,2.68,No,3.15,126,20000,STU1037,70.0,Yes,Single,Software,Programming,At Risk,1,1,At Risk,0.8203302792765278,0.8203302792765278
2022,Female,20,2020,BCSE,2,Yes,Yes,4,2,Offline,Yes,Yes,4,Intermediate,100,No,No,Yes,Programming,1,Software,Single,No,Family,No,2.68,No,3.15,11,80000,STU1038,100.0,No,Single,Software,Programming,At Risk,1,1,At Risk,0.7761536237379641,0.7761536237379641
2021,Female,22,2019,BCSE,2,Yes,Yes,5,2,Offline,Yes,Yes,3,Advance,98,No,No,Yes,Programming,2,Software,Single,Yes,Bachelor,No,2.68,No,3.15,11,40000,STU1039,98.0,No,Single,Software,Programming,At Risk,1,1,At Risk,0.8050605598765138,0.8050605598765138
2022,Male,20,2020,BCSE,2,Yes,No,5,5,Offline,Yes,Yes,6,Basic,100,No,No,Yes,Programming,3,Machine Learning,Single,No,Bachelor,No,2.68,No,3.15,11,20000,STU1040,100.0,No,Single,Machine Learning,Programming,At Risk,1,1,At Risk,0.8744331972742736,0.8744331972742736
2022,Male,21,2020,BCSE,2,No,No,3,2,Offline,Yes,Yes,2,Basic,97,No,No,Yes,Programming,2,Software,Single,Yes,Bachelor,No,2.68,No,3.15,11,10000,STU1041,97.0,No,Single,Software,Programming,At Risk,1,1,At Risk,0.7455574630108255,0.7455574630108255
2022,Male,21,2020,BCSE,2,Yes,Yes,3,3,Offline,Yes,Yes,1,Basic,98,No,No,Yes,Programming,4,Software,Single,No,Bachelor,No,2.68,No,3.15,11,10000,STU1042,98.0,No,Single,Software,Programming,At Risk,1,1,At Risk,0.8145841403042882,0.8145841403042882
2022,Male,19,2020,BCSE,2,Yes,Yes,5,3,Online,Yes,Yes,6,Intermediate,90,No,No,Yes,Programming,1,Software,Single,Yes,Family,No,2.68,No,3.15,11,40000,STU1043,90.0,No,Single,Software,Programming,At Risk,1,1,At Risk,0.8345556369204975,0.8345556369204975
2022,Male,19,2020,BCSE,2,Yes,Yes,4,2,Online,Yes,Yes,2,Intermediate,90,No,No,Yes,Programming,2,Software,Single,Yes,Family,No,2.68,No,3.15,11,40000,STU1044,90.0,No,Single,Software,Programming,At Risk,1,1,At Risk,0.8440529006466697,0.8440529006466697
2022,Male,19,2020,BCSE,2,Yes,No,4,2,Offline,Yes,Yes,1,Basic,95,No,No,Yes,Programming,3,Software,Single,No,Bachelor,No,2.68,No,3.15,11,25000,STU1045,95.0,No,Single,Software,Programming,At Risk,1,1,At Risk,0.8171407365298121,0.8171407365298121
2022,Male,20,2020,BCSE,2,Yes,No,5,2,Offline,Yes,Yes,3,Intermediate,95,No,No,Yes,Programming,1,Software,Single,Yes,Family,No,2.68,No,3.15,11,20000,STU1046,95.0,No,Single,Software,Programming,At Risk,1,1,At Risk,0.8040558272025815,0.8040558272025815
2022,Male,19,2020,BCSE,2,Yes,Yes,1,1,Online,Yes,Yes,1,Intermediate,90,No,No,No,Programming,2,Software,Single,Yes,Family,No,2.68,No,3.15,11,22000,STU1047,90.0,No,Single,Software,Programming,At Risk,1,1,At Risk,0.7401812038039552,0.7401812038039552
2021,Female,20,2020,BCSE,4,No,No,2,2,Offline,Yes,Yes,3,Basic,99,No,No,No,Programming,1,Software,Single,No,Family,No,3.78,No,3.88,36,200000,STU1048,99.0,No,Single,Software,Programming,Good,0,0,Good,0.1390049081538419,0.8609950918461581
2022,Male,20,2020,BCSE,2,Yes,No,7,2,Offline,Yes,Yes,5,Basic,90,No,No,Yes,Programming,2,Software,Single,No,Family,Yes,2.68,No,3.15,11,39000,STU1049,90.0,Yes,Single,Software,Programming,At Risk,1,1,At Risk,0.8121932126776187,0.8121932126776187
2022,Male,21,2020,BCSE,2,Yes,Yes,2,1,Online,Yes,Yes,3,Intermediate,90,No,No,No,Programming,1,Machine Learning,Single,No,Family,No,2.68,No,3.15,11,30000,STU1050,90.0,No,Single,Machine Learning,Programming,At Risk,1,1,At Risk,0.6530966292186434,0.6530966292186434
2022,Male,21,2020,BCSE,2,Yes,Yes,2,2,Offline,Yes,Yes,2,Intermediate,88,No,No,No,Programming,2,Software,Single,Yes,Family,No,4.0,No,4.0,11,20000,STU1051,88.0,No,Single,Software,Programming,Good,0,0,Good,0.14266327650835536,0.8573367234916447
2022,Male,21,2020,BCSE,2,Yes,Yes,5,2,Offline,Yes,Yes,1,Intermediate,95,No,No,Yes,Web development,2,Software,Single,Yes,Family,No,2.68,No,3.15,11,30000,STU1052,95.0,No,Single,Software,Web Development,At Risk,1,1,At Risk,0.8396796312935428,0.8396796312935428
2022,Male,20,2020,BCSE,2,Yes,No,3,1,Offline,Yes,Yes,2,Intermediate,100,No,No,No,Programming,1,Software,Single,No,Family,No,3.9,No,3.9,12,60000,STU1053,100.0,No,Single,Software,Programming,Good,0,0,Good,0.1349722257342378,0.8650277742657622
2022,Male,20,2020,BCSE,2,Yes,Yes,2,2,Offline,Yes,Yes,1,Basic,100,No,No,Yes,Programming,2,Software,Single,No,Family,No,2.68,No,3.15,11,40000,STU1054,100.0,No,Single,Software,Programming,At Risk,1,1,At Risk,0.8222244529445714,0.8222244529445714
2022,Male,22,2020,BCSE,2,No,Yes,1,1,Online,Yes,Yes,7,Basic,80,No,No,Yes,Networking,2,Software,Single,Yes,Family,Yes,2.68,No,3.15,11,32000,STU1055,80.0,Yes,Single,Software,Networking,At Risk,1,1,At Risk,0.8002064183110966,0.8002064183110966
2021,Male,20,2020,BCSE,2,Yes,No,1,2,Offline,Yes,Yes,2,Intermediate,100,No,No,No,Programming,1,Artificial Intelligence,Single,No,Family,No,2.68,No,3.15,11,30000,STU1056,100.0,No,Single,Artificial Intelligence,Programming,At Risk,1,1,At Risk,0.7875406599965933,0.7875406599965933
2021,Female,20,2020,BCSE,2,Yes,Yes,1,2,Offline,Yes,Yes,1,Intermediate,98,No,No,No,Programming,2,Software,Single,Yes,Family,No,2.68,No,3.15,11,40000,STU1057,98.0,No,Single,Software,Programming,At Risk,1,1,At Risk,0.7908361138487133,0.7908361138487133
2022,Male,20,2020,BCSE,2,Yes,Yes,4,1,Online,Yes,Yes,3,Intermediate,85,No,No,Yes,Web development,2,Software,Single,No,Family,No,2.68,No,3.15,11,30000,STU1058,85.0,No,Single,Software,Web Development,At Risk,1,1,At Risk,0.8189200834969808,0.8189200834969808
2021,Female,20,2020,BCSE,2,Yes,Yes,2,1,Offline,Yes,Yes,4,Intermediate,99,No,No,No,Programming,2,Software,Single,Yes,Family,No,2.68,No,3.15,11,40000,STU1059,99.0,No,Single,Software,Programming,At Risk,1,1,At Risk,0.8049810062799834,0.8049810062799834
2022,Male,20,2020,BCSE,2,Yes,Yes,1,1,Offline,Yes,Yes,4,Intermediate,75,No,No,Yes,Programming,1,Software,Single,No,Family,No,2.68,No,3.15,11,35000,STU1060,75.0,No,Single,Software,Programming,At Risk,1,1,At Risk,0.8414552040252523,0.8414552040252523
2021,Male,21,2020,BCSE,4,Yes,Yes,3,2,Offline,Yes,Yes,4,Intermediate,85,No,No,Yes,Web development,2,Artificial Intelligence,Relationship,No,Bachelor,No,2.68,No,3.15,36,40000,STU1061,85.0,No,Relationship,Artificial Intelligence,Web Development,At Risk,1,1,At Risk,0.7354137724841431,0.7354137724841431
2019,Male,23,2017,BCSE,11,No,Yes,1,2,Offline,Yes,Yes,2,Intermediate,100,No,No,No,Web development,2,Software,Single,Yes,Bachelor,No,2.68,No,3.15,126,15000,STU1062,100.0,No,Single,Software,Web Development,At Risk,1,1,At Risk,0.7892605193127576,0.7892605193127576
2020,Male,21,2019,BCSE,8,Yes,No,3,2,Offline,Yes,Yes,5,Intermediate,95,No,No,Yes,Programming,1,Software,Single,No,Bachelor,No,3.84,No,3.8,80,23000,STU1063,95.0,No,Single,Software,Programming,Good,0,0,Good,0.10417420834769761,0.8958257916523024
2020,Male,21,2019,BCSE,8,No,Yes,3,2,Offline,Yes,Yes,2,Advance,95,No,No,Yes,Web development,2,Software,Single,Yes,Bachelor,No,2.68,No,3.15,88,62488,STU1064,95.0,No,Single,Software,Web Development,At Risk,1,1,At Risk,0.8207145148149396,0.8207145148149396
2018,Male,24,2016,BCSE,12,Yes,No,2,2,Offline,Yes,Yes,4,Intermediate,70,No,No,Yes,Programming,2,Machine Learning,Single,Yes,Bachelor,No,3.31,No,3.52,132,350000,STU1065,70.0,No,Single,Machine Learning,Programming,Good,0,0,Good,0.22237301177301144,0.7776269882269886
2020,Male,22,2019,BCSE,8,No,No,3,2,Online,Yes,Yes,4,Intermediate,100,No,No,Yes,Other,2,Machine Learning,Single,No,Bachelor,No,2.68,No,3.15,88,50000,STU1066,100.0,No,Single,Machine Learning,Other,At Risk,1,1,At Risk,0.6749158021389868,0.6749158021389868
2022,Female,21,2020,BCSE,2,Yes,No,3,1,Online,Yes,Yes,2,Advance,95,No,No,Yes,Programming,1,Software,Single,No,Family,No,2.68,No,3.15,11,40000,STU1067,95.0,No,Single,Software,Programming,At Risk,1,1,At Risk,0.8244220625348382,0.8244220625348382
2022,Male,20,2020,BCSE,2,No,No,3,2,Offline,Yes,Yes,2,Intermediate,100,No,No,Yes,Web development,5,Software,Relationship,No,Bachelor,No,2.68,No,3.15,11,35000,STU1068,100.0,No,Relationship,Software,Web Development,At Risk,1,1,At Risk,0.761669123703797,0.761669123703797
2020,Female,21,2019,BCSE,8,Yes,Yes,3,2,Offline,Yes,Yes,2,Basic,80,No,No,Yes,Programming,2,Software,Single,No,Family,No,2.68,No,3.15,88,35000,STU1069,80.0,No,Single,Software,Programming,At Risk,1,1,At Risk,0.8467240404068792,0.8467240404068792
2022,Male,21,2020,BCSE,2,No,No,8,2,Online,Yes,Yes,1,Basic,100,No,No,Yes,Web development,2,programming,Single,Yes,Bachelor,No,2.68,No,3.15,11,30000,STU1070,100.0,No,Single,Programming,Web Development,At Risk,1,1,At Risk,0.7909389505717733,0.7909389505717733
2020,Male,23,2018,BCSE,8,Yes,Yes,2,2,Online,Yes,Yes,1,Intermediate,90,No,No,Yes,Web development,1,Software,Single,No,Family,No,2.68,No,3.15,88,40000,STU1071,90.0,No,Single,Software,Web Development,At Risk,1,1,At Risk,0.5070528443340988,0.5070528443340988
2022,Male,20,2020,BCSE,2,Yes,Yes,4,1,Offline,Yes,Yes,1,Intermediate,95,No,No,Yes,Programming,1,Software,Single,Yes,Family,No,2.68,No,3.15,11,35000,STU1072,95.0,No,Single,Software,Programming,At Risk,1,1,At Risk,0.8505280644450113,0.8505280644450113
2020,Female,21,2019,BCSE,8,No,Yes,1,1,Online,Yes,Yes,2,Intermediate,95,No,No,No,Software Development,2,Software,Single,No,Family,Yes,2.68,No,3.15,88,40000,STU1073,95.0,Yes,Single,Software,Software Development,At Risk,1,1,At Risk,0.7976210672259552,0.7976210672259552
2018,Female,24,2017,BCSE,12,No,Yes,2,2,Offline,Yes,Yes,3,Intermediate,80,Yes,No,Yes,Networking,1,Machine Learning,Married,Yes,Family,No,2.68,No,3.15,136,30000,STU1074,80.0,No,Married,Machine Learning,Networking,At Risk,1,1,At Risk,0.8417361111111111,0.8417361111111111
2020,Male,22,2019,BCSE,8,No,No,3,1,Online,Yes,Yes,1,Intermediate,100,No,No,No,Programming,8,Software,Single,Yes,Bachelor,No,2.68,No,3.15,88,35000,STU1075,100.0,No,Single,Software,Programming,At Risk,1,1,At Risk,0.7597480355851899,0.7597480355851899
2020,Male,21,2019,BCSE,8,No,Yes,4,1,Offline,Yes,Yes,2,Basic,95,No,No,Yes,Programming,2,Software,Single,No,Bachelor,No,2.68,No,3.15,88,25000,STU1076,95.0,No,Single,Software,Programming,At Risk,1,1,At Risk,0.8913431842839735,0.8913431842839735
2022,Female,20,2020,BCSE,2,Yes,Yes,5,3,Offline,Yes,No,2,Basic,99,No,No,Yes,Programming,2,Software,Single,Yes,Family,Yes,2.68,No,3.15,11,600000,STU1077,99.0,Yes,Single,Software,Programming,At Risk,1,1,At Risk,0.8578648377376509,0.8578648377376509
2022,Female,20,2019,BCSE,2,Yes,Yes,4,3,Offline,Yes,Yes,4,Basic,100,No,No,Yes,Programming,2,Software,Engaged,No,Family,No,2.68,No,3.15,11,35000,STU1078,100.0,No,Engaged,Software,Programming,At Risk,1,1,At Risk,0.8294989761519034,0.8294989761519034
2020,Female,20,2019,BCSE,8,Yes,No,1,1,Offline,Yes,Yes,5,Intermediate,80,No,No,Yes,Web development,2,Software,Married,No,Bachelor,No,3.49,No,3.67,71,40000,STU1079,80.0,No,Married,Software,Web Development,Good,0,0,Good,0.3314622820939695,0.6685377179060306
2020,Male,21,2019,BCSE,8,No,No,4,1,Online,Yes,Yes,2,Intermediate,100,No,No,Yes,Web development,2,NETWORKING,Single,No,Bachelor,No,3.07,No,2.74,85,20000,STU1080,100.0,No,Single,Networking,Web Development,At Risk,1,1,At Risk,0.7402508541607213,0.7402508541607213
2019,Male,21,2019,BCSE,8,No,Yes,3,1,Offline,Yes,Yes,8,Intermediate,85,No,No,Yes,Graphics Designing,1,NETWORKING,Single,No,Family,No,2.68,No,3.15,88,20000,STU1081,85.0,No,Single,Networking,Graphics Design,At Risk,1,1,At Risk,0.8209251214673384,0.8209251214673384
2019,Female,21,2019,BCSE,8,No,Yes,3,1,Offline,Yes,Yes,1,Intermediate,95,No,No,Yes,Programming,1,NETWORKING,Single,No,Family,No,3.76,No,3.5,83,92000,STU1082,95.0,No,Single,Networking,Programming,Good,0,0,Good,0.15527414760302466,0.8447258523969754
2020,Male,22,2019,BCSE,8,No,Yes,3,1,Offline,No,Yes,1,Intermediate,98,No,No,No,Web development,2,Software,Single,No,Family,No,2.7,No,2.8,80,35000,STU1083,98.0,No,Single,Software,Web Development,At Risk,1,1,At Risk,0.7971755757956624,0.7971755757956624
2020,Male,22,2019,BCSE,8,No,No,2,1,Offline,Yes,Yes,2,Intermediate,95,No,No,No,Web development,2,NETWORKING,Single,No,Bachelor,No,2.68,No,3.15,88,20000,STU1084,95.0,No,Single,Networking,Web Development,At Risk,1,1,At Risk,0.8367604027151245,0.8367604027151245
2020,Male,23,2017,BCSE,8,No,Yes,1,1,Online,Yes,Yes,1,Intermediate,99,No,No,Yes,Web development,2,Software,Single,Yes,Family,No,2.68,No,3.15,88,15000,STU1085,99.0,No,Single,Software,Web Development,At Risk,1,1,At Risk,0.7060193798651717,0.7060193798651717
2020,Male,23,2017,BCSE,8,Yes,Yes,2,1,Online,Yes,Yes,1,Intermediate,96,No,No,No,Networking,2,NETWORKING,Single,Yes,Family,No,2.68,No,3.15,88,30000,STU1086,96.0,No,Single,Networking,Networking,At Risk,1,1,At Risk,0.6669688938224092,0.6669688938224092
2022,Male,21,2020,BCSE,2,No,Yes,3,1,Offline,Yes,Yes,1,Intermediate,95,No,No,Yes,Programming,2,Software,Single,Yes,Family,No,3.65,No,3.15,11,45000,STU1087,95.0,No,Single,Software,Programming,At Risk,1,0,Good,0.475432041738836,0.524567958261164
2020,Male,22,2019,BCSE,8,No,Yes,1,1,Offline,Yes,Yes,15,Intermediate,100,No,No,Yes,Web development,1,Hardware,Relationship,No,Family,No,2.68,No,3.15,88,90000,STU1088,100.0,No,Relationship,Hardware,Web Development,At Risk,1,1,At Risk,0.7136835453970254,0.7136835453970254
2020,Female,21,2019,BCSE,8,No,No,2,2,Offline,Yes,Yes,2,Basic,80,No,No,No,Web development,1,Machine Learning,Single,No,Family,No,2.68,No,3.15,88,35000,STU1089,80.0,No,Single,Machine Learning,Web Development,At Risk,1,1,At Risk,0.6115773952409278,0.6115773952409278
2020,Male,20,2019,BCSE,8,Yes,Yes,2,1,Online,Yes,Yes,3,Basic,95,No,No,No,Web development,3,Software,Single,No,Bachelor,No,2.68,No,3.15,88,20000,STU1090,95.0,No,Single,Software,Web Development,At Risk,1,1,At Risk,0.8022733167082925,0.8022733167082925
2021,Male,21,2020,BCSE,2,Yes,Yes,4,2,Offline,Yes,Yes,2,Intermediate,88,No,No,Yes,Web development,2,Software,Single,Yes,Bachelor,No,2.68,No,3.15,11,100000,STU1091,88.0,No,Single,Software,Web Development,At Risk,1,1,At Risk,0.8016688204998974,0.8016688204998974
2019,Male,23,2018,BCSE,11,Yes,No,6,2,Offline,Yes,Yes,3,Intermediate,100,No,No,No,Web development,2,Software,Single,Yes,Bachelor,No,3.84,No,3.1,73,30000,STU1092,100.0,No,Single,Software,Web Development,At Risk,1,1,At Risk,0.5550933103932838,0.5550933103932838
2022,Female,20,2020,BCSE,2,No,No,2,1,Offline,Yes,Yes,6,Intermediate,80,Yes,No,No,Programming,2,Software,Single,No,Bachelor,No,2.68,No,3.15,11,70000,STU1093,80.0,No,Single,Software,Programming,At Risk,1,1,At Risk,0.8816774068724531,0.8816774068724531
2018,Female,24,2016,BCSE,10,No,Yes,2,1,Online,Yes,Yes,4,Basic,90,Yes,No,No,Web development,4,Software,Single,No,Family,No,2.68,No,3.15,113,40000,STU1094,90.0,No,Single,Software,Web Development,At Risk,1,1,At Risk,0.9104152046783625,0.9104152046783625
2022,Female,21,2020,BCSE,2,Yes,No,2,4,Offline,Yes,Yes,1,Basic,100,No,No,Yes,Programming,2,Software,Engaged,Yes,Bachelor,No,2.68,No,3.15,11,10000,STU1095,100.0,No,Engaged,Software,Programming,At Risk,1,1,At Risk,0.7284129650316548,0.7284129650316548
2021,Male,20,2020,BCSE,4,Yes,Yes,2,1,Offline,Yes,Yes,2,Advance,82,No,No,Yes,Programming,4,Software,Relationship,No,Bachelor,No,2.68,No,3.15,36,40000,STU1096,82.0,No,Relationship,Software,Programming,At Risk,1,1,At Risk,0.8509055258348154,0.8509055258348154
2021,Male,22,2020,BCSE,4,Yes,Yes,1,1,Offline,Yes,Yes,1,Intermediate,90,No,No,No,Programming,0,Software,Single,No,Family,No,2.68,No,3.15,36,20000,STU1097,90.0,No,Single,Software,Programming,At Risk,1,1,At Risk,0.6670196180013896,0.6670196180013896
2021,Male,20,2019,BCSE,5,No,No,3,2,Offline,Yes,Yes,1,Intermediate,98,No,No,No,Web development,8,Machine Learning,Single,Yes,Bachelor,No,2.68,No,3.15,50,22000,STU1098,98.0,No,Single,Machine Learning,Web Development,At Risk,1,1,At Risk,0.8351035659649595,0.8351035659649595
2019,Male,23,2017,BCSE,11,No,Yes,3,2,Online,Yes,Yes,1,Intermediate,85,Yes,No,Yes,Web development,2,Software,Single,No,Bachelor,Yes,2.68,No,3.15,126,45000,STU1099,85.0,Yes,Single,Software,Web Development,At Risk,1,1,At Risk,0.907651240169389,0.907651240169389
2020,Female,21,2019,BCSE,8,No,Yes,4,1,Offline,Yes,Yes,3,Intermediate,90,No,No,Yes,Web development,1,Software,Single,No,Family,No,2.68,No,3.15,88,40000,STU1100,90.0,No,Single,Software,Web Development,At Risk,1,1,At Risk,0.7672140768759697,0.7672140768759697
2022,Female,20,2020,BCSE,2,Yes,Yes,2,1,Offline,Yes,Yes,5,Intermediate,90,No,No,Yes,Programming,1,Software,Single,No,Family,Yes,2.68,No,3.15,11,50000,STU1101,90.0,Yes,Single,Software,Programming,At Risk,1,1,At Risk,0.8403996338728507,0.8403996338728507
2020,Female,22,2019,BCSE,8,Yes,No,3,1,Offline,Yes,Yes,4,Intermediate,90,No,No,Yes,Web development,2,Software,Single,No,Bachelor,No,2.68,No,3.15,88,50000,STU1102,90.0,No,Single,Software,Web Development,At Risk,1,1,At Risk,0.6687887690962107,0.6687887690962107
2018,Male,23,2017,BCSE,13,No,No,2,4,Offline,Yes,Yes,6,Basic,88,Yes,No,Yes,Networking,1,Software,Relationship,No,Bachelor,No,2.68,No,3.15,112,30000,STU1103,88.0,No,Relationship,Software,Networking,At Risk,1,1,At Risk,0.9049059011164274,0.9049059011164274
2022,Male,20,2020,BCSE,2,Yes,No,3,4,Offline,Yes,Yes,1,Basic,95,No,No,Yes,Software Development,5,Software,Single,No,Bachelor,No,2.68,No,3.15,11,40000,STU1104,95.0,No,Single,Software,Software Development,At Risk,1,1,At Risk,0.9016647631498746,0.9016647631498746
2021,Male,19,2020,BCSE,4,Yes,No,1,1,Offline,Yes,No,1,Intermediate,95,No,No,Yes,Programming,1,Software,Single,Yes,Family,No,3.5,No,3.58,35,30000,STU1105,95.0,No,Single,Software,Programming,Good,0,0,Good,0.12411491127724576,0.8758850887227543
2021,Male,21,2019,BCSE,4,Yes,Yes,4,2,Offline,Yes,Yes,1,Intermediate,90,No,No,No,Web development,2,Software,Single,Yes,Family,No,3.38,No,3.82,27,40000,STU1106,90.0,No,Single,Software,Web Development,Good,0,0,Good,0.2009219514477527,0.7990780485522473
2020,Male,21,2019,BCSE,8,No,No,2,2,Offline,Yes,Yes,1,Intermediate,90,Yes,Yes,Yes,Programming,1,Machine Learning,Single,No,Bachelor,No,2.68,No,3.15,88,30000,STU1107,90.0,No,Single,Machine Learning,Programming,At Risk,1,1,At Risk,0.8163988964830762,0.8163988964830762
2019,Female,22,2017,BCSE,10,No,No,9,3,Online,Yes,Yes,1,Intermediate,88,Yes,No,No,Database,1,Hardware,Single,No,Bachelor,No,2.68,No,3.15,113,62488,STU1108,88.0,No,Single,Hardware,Database,At Risk,1,1,At Risk,0.5171410110955138,0.5171410110955138
2022,Female,19,2020,BCSE,2,Yes,Yes,3,2,Offline,Yes,Yes,2,Basic,100,No,No,Yes,Programming,3,Software,Single,Yes,Family,No,2.68,No,3.15,11,35000,STU1109,100.0,No,Single,Software,Programming,At Risk,1,1,At Risk,0.8368120593021792,0.8368120593021792
2022,Female,22,2022,BCSE,4,Yes,No,1,1,Offline,Yes,Yes,10,Basic,80,Yes,No,No,Programming,2,Software,Single,No,Family,No,2.68,No,3.15,36,100000,STU1110,80.0,No,Single,Software,Programming,At Risk,1,1,At Risk,0.9083565031459768,0.9083565031459768
2021,Male,22,2018,BCSE,4,Yes,No,3,2,Offline,Yes,Yes,3,Intermediate,80,No,No,Yes,Networking,3,Machine Learning,Single,No,Bachelor,No,2.68,No,3.15,36,30000,STU1111,80.0,No,Single,Machine Learning,Networking,At Risk,1,1,At Risk,0.7537028038524156,0.7537028038524156
2019,Female,21,2019,BCSE,9,No,No,2,3,Offline,Yes,Yes,3,Basic,92,Yes,No,Yes,Web development,1,Software,Single,Yes,Bachelor,No,1.89,No,2.69,86,20000,STU1112,92.0,No,Single,Software,Web Development,At Risk,1,1,At Risk,0.9504210526315789,0.9504210526315789
2021,Female,19,2020,BCSE,4,Yes,No,7,3,Offline,Yes,No,3,Advance,90,No,No,Yes,Programming,1,Software,Single,Yes,Family,No,3.7,No,3.77,35,62488,STU1113,90.0,No,Single,Software,Programming,Good,0,0,Good,0.10791661613722922,0.8920833838627708
2022,Male,19,2020,BCSE,2,Yes,No,4,2,Offline,Yes,Yes,2,Intermediate,95,No,No,Yes,Programming,2,Software,Single,Yes,Family,No,2.68,No,3.15,11,30000,STU1114,95.0,No,Single,Software,Programming,At Risk,1,1,At Risk,0.7983220883555598,0.7983220883555598
2022,Male,21,2019,BCSE,2,Yes,No,5,2,Offline,Yes,Yes,3,Intermediate,95,No,No,No,Programming,2,Software,Single,No,Bachelor,No,2.68,No,3.15,11,20000,STU1115,95.0,No,Single,Software,Programming,At Risk,1,1,At Risk,0.7732025590809125,0.7732025590809125
2019,Male,25,2018,BCSE,11,Yes,No,2,1,Offline,Yes,Yes,2,Intermediate,70,Yes,No,No,Web development,4,Software,Single,No,Bachelor,Yes,0.0,No,2.53,91,30000,STU1116,70.0,Yes,Single,Software,Web Development,At Risk,1,1,At Risk,0.89,0.89
2019,Female,22,2019,BCSE,9,No,Yes,3,3,Online,Yes,No,2,Basic,99,No,No,Yes,Web development,2,Data Science,Single,No,Family,Yes,2.68,No,3.15,100,20000,STU1117,99.0,Yes,Single,Data Science,Web Development,At Risk,1,1,At Risk,0.8531659405259776,0.8531659405259776
2018,Male,24,2017,BCSE,13,No,No,2,2,Offline,Yes,Yes,4,Basic,50,Yes,Yes,Yes,Web development,5,Software,Married,Yes,Bachelor,No,2.2,No,2.66,110,60000,STU1118,50.0,No,Married,Software,Web Development,At Risk,1,1,At Risk,0.865,0.865
2017,Male,22,2017,BCSE,15,Yes,No,1,1,Offline,Yes,Yes,4,Advance,100,Yes,No,Yes,Web development,4,Software,Single,No,Bachelor,Yes,2.6,No,2.6,90,62488,STU1119,100.0,Yes,Single,Software,Web Development,At Risk,1,1,At Risk,0.8396969696969697,0.8396969696969697
2019,Female,22,2018,BCSE,11,No,Yes,3,1,Offline,Yes,Yes,3,Intermediate,95,No,No,Yes,Networking,0,Software,Married,No,Family,Yes,2.7,No,2.91,120,150000,STU1120,95.0,Yes,Married,Software,Networking,At Risk,1,1,At Risk,0.6811122451038252,0.6811122451038252
2018,Male,23,2017,BCSE,14,No,No,2,2,Online,Yes,Yes,1,Intermediate,90,Yes,Yes,Yes,Programming,2,Software,Single,Yes,Family,No,2.87,No,2.99,120,30000,STU1121,90.0,No,Single,Software,Programming,At Risk,1,1,At Risk,0.954917617470249,0.954917617470249
2021,Male,20,2019,BCSE,5,No,No,4,4,Offline,Yes,Yes,1,Intermediate,95,Yes,No,No,Programming,4,Software,Single,No,Bachelor,No,2.68,No,3.15,50,25000,STU1122,95.0,No,Single,Software,Programming,At Risk,1,1,At Risk,0.9060390162158793,0.9060390162158793
2019,Male,23,2017,BCSE,9,No,Yes,2,1,Online,Yes,Yes,4,Intermediate,70,No,No,Yes,Cyber security,4,NETWORKING,Relationship,Yes,Family,No,2.68,No,3.15,100,200000,STU1123,70.0,No,Relationship,Networking,Cyber Security,At Risk,1,1,At Risk,0.7453598608916393,0.7453598608916393
2015,Male,26,2012,BCSE,21,No,No,1,1,Offline,Yes,Yes,1,Basic,85,Yes,No,No,Web development,1,Hardware,Single,No,Bachelor,Yes,2.68,Yes,3.15,77,50000,STU1124,85.0,Yes,Single,Hardware,Web Development,At Risk,1,1,At Risk,0.9502222222222223,0.9502222222222223
2019,Male,22,2019,BCSE,9,No,No,3,5,Online,Yes,Yes,1,Intermediate,99,No,No,No,Web development,3,Software,Single,No,Bachelor,No,2.68,No,3.15,100,40000,STU1125,99.0,No,Single,Software,Web Development,At Risk,1,1,At Risk,0.7460504125927381,0.7460504125927381
2019,Male,23,2018,BCSE,9,No,Yes,1,1,Offline,Yes,Yes,1,Intermediate,70,No,No,No,Web development,1,Hardware,Relationship,Yes,Family,Yes,2.7,No,2.92,76,15000,STU1126,70.0,Yes,Relationship,Hardware,Web Development,At Risk,1,1,At Risk,0.8594143347074382,0.8594143347074382
2019,Male,21,2018,BCSE,11,No,Yes,2,1,Offline,Yes,Yes,1,Intermediate,73,No,No,Yes,Programming,2,NETWORKING,Single,No,Family,No,2.68,No,3.15,126,75000,STU1127,73.0,No,Single,Networking,Programming,At Risk,1,1,At Risk,0.730161999118692,0.730161999118692
2019,Male,22,2018,BCSE,11,No,No,2,2,Online,Yes,Yes,1,Intermediate,100,Yes,Yes,Yes,Programming,2,Software,Single,No,Bachelor,Yes,2.68,No,3.15,126,40000,STU1128,100.0,Yes,Single,Software,Programming,At Risk,1,1,At Risk,0.8704964116343428,0.8704964116343428
2018,Female,23,2016,BCSE,14,No,Yes,3,2,Offline,Yes,Yes,1,Basic,70,Yes,No,No,Programming,2,Hardware,Single,No,Bachelor,Yes,2.98,Yes,2.96,118,20000,STU1129,70.0,Yes,Single,Hardware,Programming,At Risk,1,1,At Risk,0.9338888888888889,0.9338888888888889
2019,Female,21,2018,BCSE,11,No,No,1,1,Offline,Yes,Yes,2,Advance,75,No,No,Yes,Web development,2,Software,Relationship,No,Family,No,2.68,No,3.15,126,40000,STU1130,75.0,No,Relationship,Software,Web Development,At Risk,1,1,At Risk,0.6433613555616531,0.6433613555616531
2021,Female,20,2019,BCSE,2,Yes,No,5,2,Offline,Yes,Yes,7,Basic,80,No,No,No,Programming,2,Software,Single,Yes,Bachelor,Yes,2.68,No,3.15,11,62488,STU1131,80.0,Yes,Single,Software,Programming,At Risk,1,1,At Risk,0.8230520161812734,0.8230520161812734
2019,Female,21,2019,BCSE,9,No,No,6,3,Offline,Yes,Yes,2,Intermediate,88,No,No,Yes,Web development,4,Software,Single,No,Bachelor,No,2.68,No,3.15,100,62488,STU1132,88.0,No,Single,Software,Web Development,At Risk,1,1,At Risk,0.7656170903129236,0.7656170903129236
2019,Male,22,2019,BCSE,9,No,No,3,4,Offline,Yes,Yes,2,Intermediate,99,No,No,No,Web development,7,Web Development,Single,No,Bachelor,No,3.52,No,2.9,100,15000,STU1133,99.0,No,Single,Web Development,Web Development,At Risk,1,1,At Risk,0.7445530094309497,0.7445530094309497
2020,Male,23,2018,BCSE,8,Yes,Yes,4,5,Offline,Yes,Yes,3,Intermediate,100,No,No,Yes,Programming,2,Software,Single,Yes,Bachelor,No,3.48,No,3.08,68,20000,STU1134,100.0,No,Single,Software,Programming,At Risk,1,1,At Risk,0.62901335278663,0.62901335278663
2016,Male,25,2014,BCSE,11,Yes,Yes,2,1,Online,Yes,Yes,3,Advance,90,Yes,No,Yes,Web development,3,Software,Single,Yes,Family,No,2.68,No,3.15,126,63000,STU1135,90.0,No,Single,Software,Web Development,At Risk,1,1,At Risk,0.6459518403852769,0.6459518403852769
2019,Female,22,2018,BCSE,11,Yes,Yes,1,2,Online,Yes,Yes,3,Basic,80,No,No,No,Web development,3,NETWORKING,Single,No,Family,No,2.68,No,3.15,126,50000,STU1136,80.0,No,Single,Networking,Web Development,At Risk,1,1,At Risk,0.7435428157765359,0.7435428157765359
2020,Male,20,2019,BCSE,6,No,No,2,2,Online,Yes,Yes,5,Basic,90,Yes,No,No,Networking,2,NETWORKING,Single,No,Family,No,2.68,No,3.15,65,40000,STU1137,90.0,No,Single,Networking,Networking,At Risk,1,1,At Risk,0.7723058648497455,0.7723058648497455
2018,Male,25,2016,BCSE,14,No,No,6,4,Online,Yes,Yes,2,Advance,2,Yes,No,Yes,Web development,4,Software,Single,Yes,Family,No,3.16,No,2.68,121,60000,STU1138,2.0,No,Single,Software,Web Development,At Risk,1,1,At Risk,0.8870573704375881,0.8870573704375881
2021,Female,21,2019,BCSE,5,No,No,2,3,Offline,Yes,Yes,1,Basic,87,Yes,No,Yes,Programming,1,UI/UX,Married,No,Family,No,1.92,No,2.42,39,60000,STU1139,87.0,No,Married,UI/UX Design,Programming,At Risk,1,1,At Risk,0.9670000000000001,0.9670000000000001
2021,Male,20,2020,BCSE,4,No,Yes,2,1,Offline,Yes,Yes,2,Intermediate,80,No,No,Yes,Web development,4,Blockchain,Single,No,Family,Yes,2.68,No,3.15,36,30000,STU1140,80.0,Yes,Single,Blockchain,Web Development,At Risk,1,1,At Risk,0.699611275369355,0.699611275369355
2015,Male,27,2014,BCSE,10,No,Yes,5,2,Online,Yes,Yes,6,Basic,50,Yes,No,Yes,Networking,2,NETWORKING,Single,No,Family,No,2.68,No,3.15,113,7000,STU1141,50.0,No,Single,Networking,Networking,At Risk,1,1,At Risk,0.9120039682539683,0.9120039682539683
2019,Female,22,2018,BCSE,11,No,No,8,3,Online,Yes,Yes,4,Intermediate,99,No,No,Yes,Web development,4,Software,Single,No,Bachelor,No,2.68,No,3.15,126,20000,STU1142,99.0,No,Single,Software,Web Development,At Risk,1,1,At Risk,0.786009986717858,0.786009986717858
2022,Male,20,2020,BCSE,2,No,Yes,3,3,Offline,Yes,Yes,1,Intermediate,99,No,No,No,Programming,1,Software,Single,No,Family,No,2.68,No,3.15,11,20000,STU1143,99.0,No,Single,Software,Programming,At Risk,1,1,At Risk,0.7993776162488097,0.7993776162488097
2020,Male,22,2018,BCSE,7,No,Yes,1,1,Offline,Yes,Yes,5,Basic,70,Yes,No,Yes,Networking,1,NETWORKING,Single,No,Family,No,2.68,No,3.15,77,20000,STU1144,70.0,No,Single,Networking,Networking,At Risk,1,1,At Risk,0.8217730426813303,0.8217730426813303
2022,Male,21,2020,BCSE,2,Yes,Yes,7,2,Online,Yes,Yes,1,Intermediate,100,No,No,Yes,Programming,3,Software,Single,Yes,Family,No,2.68,No,3.15,11,30000,STU1145,100.0,No,Single,Software,Programming,At Risk,1,1,At Risk,0.7523340204404796,0.7523340204404796
2018,Male,23,2017,BCSE,13,No,No,2,1,Offline,Yes,Yes,1,Basic,75,Yes,Yes,Yes,Programming,3,Software,Single,No,Bachelor,No,2.68,No,3.15,136,35000,STU1146,75.0,No,Single,Software,Programming,At Risk,1,1,At Risk,0.919327485380117,0.919327485380117
2020,Female,23,2020,BCSE,8,Yes,No,6,3,Offline,Yes,Yes,6,Intermediate,100,No,No,Yes,Programming,2,Software,Single,No,Bachelor,No,2.68,No,3.15,88,62488,STU1147,100.0,No,Single,Software,Programming,At Risk,1,1,At Risk,0.666302645039767,0.666302645039767
2017,Female,25,2015,BCSE,8,No,No,2,2,Offline,Yes,Yes,1,Intermediate,100,No,No,Yes,Networking,2,NETWORKING,Married,No,Family,No,2.68,No,3.15,88,60000,STU1148,100.0,No,Married,Networking,Networking,At Risk,1,1,At Risk,0.6073023196150079,0.6073023196150079
2022,Female,20,2020,BCSE,2,No,Yes,4,3,Offline,Yes,No,2,Intermediate,88,No,No,Yes,Programming,3,Software,Single,No,Bachelor,No,2.68,No,3.15,11,60000,STU1149,88.0,No,Single,Software,Programming,At Risk,1,1,At Risk,0.8404379784895534,0.8404379784895534
2021,Male,21,2020,BCSE,4,Yes,Yes,2,2,Offline,Yes,Yes,2,Advance,80,No,No,Yes,Programming,2,Software,Relationship,Yes,Family,No,2.68,No,3.15,36,50000,STU1150,80.0,No,Relationship,Software,Programming,At Risk,1,1,At Risk,0.7420117280724092,0.7420117280724092
2015,Female,26,2014,BCSE,22,No,Yes,2,2,Online,Yes,Yes,3,Intermediate,80,Yes,Yes,No,Software Development,2,Software,Married,Yes,Family,Yes,2.68,No,3.15,77,30000,STU1151,80.0,Yes,Married,Software,Software Development,At Risk,1,1,At Risk,0.92,0.92
2019,Male,23,2018,BCSE,11,No,Yes,5,5,Offline,Yes,Yes,3,Intermediate,90,No,No,Yes,Networking,2,NETWORKING,Single,No,Bachelor,No,3.29,No,3.23,114,28000,STU1152,90.0,No,Single,Networking,Networking,Good,0,0,Good,0.20095112865515524,0.7990488713448447
2019,Female,22,2018,BCSE,11,No,Yes,3,1,Offline,Yes,Yes,3,Intermediate,100,No,No,Yes,App development,3,Machine Learning,Single,Yes,Family,No,2.68,No,3.15,126,60000,STU1153,100.0,No,Single,Machine Learning,App Development,At Risk,1,0,Good,0.39095182869518896,0.609048171304811
2017,Male,23,2017,BCSE,12,No,No,2,2,Offline,Yes,Yes,1,Advance,100,Yes,No,Yes,Networking,3,Software,Single,No,Bachelor,No,2.68,No,3.15,136,90000,STU1154,100.0,No,Single,Software,Networking,At Risk,1,1,At Risk,0.8993965517241379,0.8993965517241379
2017,Male,24,2017,BCSE,15,No,No,3,2,Online,Yes,Yes,3,Advance,80,Yes,No,Yes,Web development,4,Software,Single,No,Bachelor,No,2.68,No,3.15,113,200000,STU1155,80.0,No,Single,Software,Web Development,At Risk,1,1,At Risk,0.962418394471026,0.962418394471026
2020,Female,21,2019,BCSE,8,No,No,4,2,Offline,Yes,Yes,1,Intermediate,100,No,No,No,Web development,1,Software,Single,Yes,Family,No,2.68,No,3.15,88,50000,STU1156,100.0,No,Single,Software,Web Development,At Risk,1,1,At Risk,0.6346501809030992,0.6346501809030992
2019,Female,22,2018,BCSE,9,No,Yes,3,1,Offline,Yes,Yes,5,Basic,80,Yes,No,No,Programming,3,Software,Married,No,Bachelor,Yes,2.0,No,2.22,77,4000,STU1157,80.0,Yes,Married,Software,Programming,At Risk,1,1,At Risk,0.98,0.98
2022,Male,19,2020,BCSE,2,Yes,Yes,3,2,Offline,Yes,Yes,3,Basic,90,No,No,Yes,Programming,1,Software,Single,No,Family,No,2.68,No,3.15,11,40000,STU1158,90.0,No,Single,Software,Programming,At Risk,1,1,At Risk,0.835486805794975,0.835486805794975
2019,Female,21,2018,BCSE,10,No,No,5,1,Offline,Yes,Yes,3,Intermediate,80,Yes,No,Yes,Programming,2,Software,Single,No,Bachelor,Yes,3.3,No,3.24,105,80000,STU1159,80.0,Yes,Single,Software,Programming,Good,0,1,At Risk,0.5884108187134504,0.5884108187134504
2019,Male,23,2017,BCSE,10,No,Yes,3,2,Online,Yes,Yes,2,Basic,90,No,No,Yes,Software Development,3,Software,Single,No,Bachelor,Yes,2.68,No,3.15,113,35000,STU1160,90.0,Yes,Single,Software,Software Development,At Risk,1,1,At Risk,0.8451572433037627,0.8451572433037627
2019,Male,21,2018,BCSE,9,No,No,1,1,Online,Yes,Yes,12,Intermediate,90,No,No,Yes,Web development,6,Software,Single,No,Bachelor,No,3.01,No,2.76,79,65000,STU1161,90.0,No,Single,Software,Web Development,At Risk,1,1,At Risk,0.809992078670403,0.809992078670403
2018,Male,23,2017,BCSE,12,No,No,4,1,Offline,Yes,Yes,2,Intermediate,97,No,No,Yes,Web development,4,Software,Single,No,Bachelor,No,2.68,No,3.15,136,20000,STU1162,97.0,No,Single,Software,Web Development,At Risk,1,1,At Risk,0.8258522296190126,0.8258522296190126
2019,Male,22,2018,BCSE,9,No,No,3,2,Offline,Yes,Yes,3,Basic,95,No,No,Yes,Web development,2,Data Science,Single,No,Bachelor,No,3.2,No,3.3,103,40000,STU1163,95.0,No,Single,Data Science,Web Development,Good,0,0,Good,0.31850288811310123,0.6814971118868988
2018,Female,23,2017,BCSE,12,No,No,3,2,Online,Yes,Yes,2,Advance,80,Yes,No,Yes,Programming,2,Software,Single,Yes,Family,No,2.68,No,3.15,136,100000,STU1164,80.0,No,Single,Software,Programming,At Risk,1,1,At Risk,0.6346547049441785,0.6346547049441785
2022,Female,20,2020,BCSE,2,Yes,No,4,1,Offline,Yes,Yes,6,Basic,90,No,No,Yes,Programming,2,Software,Single,No,Bachelor,No,2.68,No,3.15,11,50000,STU1165,90.0,No,Single,Software,Programming,At Risk,1,1,At Risk,0.8211679631967748,0.8211679631967748
2018,Male,25,2015,BCSE,12,Yes,No,1,3,Offline,No,Yes,1,Intermediate,90,No,No,No,Web development,1,Software,Single,No,Bachelor,No,2.68,No,3.15,136,20000,STU1166,90.0,No,Single,Software,Web Development,At Risk,1,1,At Risk,0.5155144153774184,0.5155144153774184
2022,Male,20,2020,BCSE,2,Yes,Yes,3,2,Offline,Yes,Yes,4,Intermediate,90,No,No,Yes,Programming,2,Software,Single,Yes,Family,No,2.68,No,3.15,11,30000,STU1167,90.0,No,Single,Software,Programming,At Risk,1,1,At Risk,0.8790208692535703,0.8790208692535703
2020,Female,23,2018,BCSE,7,No,Yes,3,2,Offline,Yes,Yes,4,Basic,40,Yes,Yes,Yes,Web development,2,Software,Married,Yes,Family,No,2.4,No,2.4,70,60000,STU1168,40.0,No,Married,Software,Web Development,At Risk,1,1,At Risk,0.9067424242424242,0.9067424242424242
2020,Male,23,2018,BCSE,8,No,No,4,2,Online,Yes,Yes,2,Intermediate,90,No,No,No,Web development,1,Machine Learning,Single,Yes,Bachelor,No,2.68,No,3.15,88,50000,STU1169,90.0,No,Single,Machine Learning,Web Development,At Risk,1,1,At Risk,0.7335279341826896,0.7335279341826896
2021,Male,22,2020,BCSE,4,Yes,Yes,4,2,Offline,Yes,Yes,2,Intermediate,90,No,No,No,Web development,2,Software,Single,Yes,Family,No,2.16,No,2.75,35,40000,STU1170,90.0,No,Single,Software,Web Development,At Risk,1,1,At Risk,0.7349172024640218,0.7349172024640218
2019,Male,22,2018,BCSE,9,Yes,No,8,3,Offline,Yes,Yes,3,Intermediate,90,No,No,Yes,Web development,2,Software,Single,No,Bachelor,No,2.68,No,3.15,100,40000,STU1171,90.0,No,Single,Software,Web Development,At Risk,1,1,At Risk,0.7657288088507735,0.7657288088507735
2020,Male,23,2018,BCSE,8,Yes,Yes,5,3,Offline,No,Yes,2,Intermediate,5,Yes,No,Yes,Programming,2,Software,Single,Yes,Bachelor,No,2.68,No,3.15,88,12000,STU1172,5.0,No,Single,Software,Programming,At Risk,1,1,At Risk,0.856468899521531,0.856468899521531
2021,Male,21,2020,BCSE,5,No,No,5,3,Offline,No,Yes,2,Intermediate,97,Yes,No,Yes,Software Development,4,Software,Single,No,Bachelor,No,0.0,No,2.31,46,50000,STU1173,97.0,No,Single,Software,Software Development,At Risk,1,1,At Risk,0.9661666666666666,0.9661666666666666
2021,Female,20,2020,BCSE,5,No,Yes,2,3,Offline,Yes,Yes,3,Basic,80,No,No,No,Programming,3,Software,Single,No,Family,Yes,1.75,Yes,2.51,50,50000,STU1174,80.0,Yes,Single,Software,Programming,At Risk,1,1,At Risk,0.875889985380117,0.875889985380117
2020,Female,22,2019,BCSE,8,No,No,4,2,Offline,Yes,No,4,Intermediate,90,No,No,Yes,Web development,2,Machine Learning,Single,No,Family,No,2.68,No,3.15,88,10000,STU1175,90.0,No,Single,Machine Learning,Web Development,At Risk,1,1,At Risk,0.7183033647032007,0.7183033647032007
2020,Male,22,2018,BCSE,8,No,No,2,2,Offline,Yes,Yes,4,Intermediate,90,Yes,No,No,Nothing,0,Artificial Intelligence,Single,No,Bachelor,No,2.68,No,3.15,88,50000,STU1176,90.0,No,Single,Artificial Intelligence,None / Developing,At Risk,1,1,At Risk,0.7908074700307298,0.7908074700307298
2022,Female,22,2019,BCSE,2,Yes,No,3,2,Online,Yes,Yes,0,Basic,92,No,Yes,Yes,Nothing specially,3,Entrepreneur,Single,No,Family,No,2.68,No,3.15,11,100000,STU1177,92.0,No,Single,Entrepreneur,None / Developing,At Risk,1,1,At Risk,0.9241622106332411,0.9241622106332411
2019,Female,21,2018,BCSE,8,No,No,6,3,Online,Yes,Yes,2,Intermediate,100,No,No,No,Networking,1,Artificial Intelligence,Single,Yes,Bachelor,Yes,2.68,No,3.15,88,30000,STU1178,100.0,Yes,Single,Artificial Intelligence,Networking,At Risk,1,1,At Risk,0.7379111172999501,0.7379111172999501
2020,Female,21,2019,BCSE,8,Yes,Yes,2,1,Offline,Yes,Yes,4,Basic,88,No,No,No,Programming,3,Software,Single,No,Family,No,2.68,No,3.15,88,40000,STU1179,88.0,No,Single,Software,Programming,At Risk,1,1,At Risk,0.7935412886959967,0.7935412886959967
2022,Male,19,2020,BCSE,1,Yes,Yes,1,1,Offline,Yes,Yes,6,Intermediate,95,No,No,No,Programming,1,Software,Single,Yes,Family,No,2.68,No,3.15,0,50000,STU1180,95.0,No,Single,Software,Programming,At Risk,1,1,At Risk,0.9086497663325087,0.9086497663325087
2020,Female,20,2018,BCSE,8,No,No,3,2,Offline,Yes,Yes,2,Advance,98,No,No,Yes,Programming,2,Hardware,Single,No,Family,No,2.6,No,2.81,75,500000,STU1181,98.0,No,Single,Hardware,Programming,At Risk,1,1,At Risk,0.5606430702445235,0.5606430702445235
2021,Male,20,2020,BCSE,4,Yes,No,7,2,Offline,Yes,Yes,1,Intermediate,90,No,No,No,Web development,9,NETWORKING,Relationship,No,Bachelor,No,3.33,No,3.5,33,40000,STU1182,90.0,No,Relationship,Networking,Web Development,Good,0,0,Good,0.13651796725084364,0.8634820327491564
2021,Male,24,2017,BCSE,4,No,No,3,2,Offline,Yes,Yes,2,Intermediate,90,No,No,No,Programming,2,Software,Relationship,Yes,Bachelor,No,4.0,No,3.92,34,40000,STU1183,90.0,No,Relationship,Software,Programming,Good,0,0,Good,0.21824343291398157,0.7817565670860185
2021,Male,22,2020,BCSE,2,Yes,Yes,6,3,Offline,Yes,Yes,2,Basic,100,No,No,Yes,Cyber security,3,NETWORKING,Single,Yes,Family,No,3.25,No,3.25,11,30000,STU1184,100.0,No,Single,Networking,Cyber Security,Good,0,0,Good,0.26317278488021195,0.7368272151197881
2019,Male,22,2018,BCSE,11,Yes,No,1,1,Offline,Yes,Yes,1,Basic,100,No,No,Yes,Cyber security,2,Software,Single,Yes,Family,No,3.46,No,3.1,102,40000,STU1185,100.0,No,Single,Software,Cyber Security,At Risk,1,1,At Risk,0.572162083860587,0.572162083860587
2022,Male,19,2020,BCSE,2,Yes,No,1,2,Offline,Yes,Yes,2,Intermediate,85,No,No,No,Programming,1,Software,Single,No,Bachelor,No,3.73,No,3.73,11,20000,STU1186,85.0,No,Single,Software,Programming,Good,0,0,Good,0.14036748065109855,0.8596325193489014
2014,Male,26,2014,BCSE,22,No,Yes,3,2,Online,Yes,Yes,1,Basic,100,Yes,No,Yes,Cyber security,5,NETWORKING,Single,No,Family,No,2.0,No,2.0,80,25000,STU1187,100.0,No,Single,Networking,Cyber Security,At Risk,1,1,At Risk,0.9457309941520466,0.9457309941520466
2019,Male,25,2017,BCSE,11,Yes,Yes,2,1,Offline,Yes,Yes,5,Intermediate,80,No,No,Yes,Basic,2,Software,Single,Yes,Bachelor,No,3.78,No,3.56,132,20000,STU1188,80.0,No,Single,Software,Basic,Good,0,0,Good,0.17820933554553495,0.821790664454465
2017,Male,24,2015,BCSE,15,Yes,Yes,6,4,Offline,Yes,Yes,1,Intermediate,100,No,No,Yes,Programming,2,Software,Single,Yes,Family,No,3.42,No,3.02,136,50000,STU1189,100.0,No,Single,Software,Programming,At Risk,1,1,At Risk,0.678661323868298,0.678661323868298
2018,Female,21,2017,BCSE,14,No,No,4,5,Online,Yes,Yes,5,Advance,95,Yes,No,Yes,Programming,1,Software,Single,No,Bachelor,Yes,3.5,No,3.2,122,15000,STU1190,95.0,Yes,Single,Software,Programming,At Risk,1,1,At Risk,0.8664830409356725,0.8664830409356725
2022,Male,21,2020,BCSE,2,Yes,No,2,1,Offline,Yes,Yes,3,Intermediate,90,No,No,Yes,Programming,2,Software,Single,Yes,Bachelor,No,3.26,No,3.26,11,22000,STU1191,90.0,No,Single,Software,Programming,Good,0,0,Good,0.3419347366795747,0.6580652633204254
2022,Female,21,2020,BCSE,2,Yes,Yes,2,2,Offline,Yes,Yes,2,Basic,70,Yes,No,No,Cyber security,1,Artificial Intelligence,Single,No,Family,No,3.9,No,3.8,12,25000,STU1192,70.0,No,Single,Artificial Intelligence,Cyber Security,Good,0,0,Good,0.14530534055727556,0.8546946594427245
2019,Female,21,2018,BCSE,9,Yes,Yes,2,1,Online,Yes,Yes,5,Intermediate,95,No,No,No,Programming,1,Software,Single,No,Family,No,3.7,No,3.68,105,50000,STU1193,95.0,No,Single,Software,Programming,Good,0,0,Good,0.06846486003148865,0.9315351399685113
2019,Female,22,2018,BCSE,11,No,No,3,2,Offline,Yes,Yes,3,Intermediate,100,No,No,No,Web development,2,Software,Single,No,Bachelor,No,3.82,No,3.65,78,30000,STU1194,100.0,No,Single,Software,Web Development,Good,0,0,Good,0.17164825712678616,0.8283517428732139
2019,Female,21,2018,BCSE,11,Yes,No,5,2,Offline,Yes,Yes,5,Advance,99,No,No,No,Web development,2,Machine Learning,Single,Yes,Family,No,3.85,No,3.72,126,100000,STU1195,99.0,No,Single,Machine Learning,Web Development,Good,0,0,Good,0.08304286607701242,0.9169571339229876
2016,Male,24,2016,BCSE,18,No,Yes,2,2,Offline,Yes,Yes,3,Advance,95,Yes,No,Yes,Programming,3,Software,Married,Yes,Bachelor,No,3.1,No,2.84,133,20000,STU1196,95.0,No,Married,Software,Programming,At Risk,1,1,At Risk,0.8958657292528261,0.8958657292528261
2022,Female,20,2020,BCSE,2,Yes,No,2,2,Online,Yes,No,6,Intermediate,90,No,No,Yes,Networking,0,Software,Single,No,Bachelor,No,2.67,No,2.67,12,35000,STU1197,90.0,No,Single,Software,Networking,At Risk,1,1,At Risk,0.849636337340977,0.849636337340977
2019,Female,23,2017,BCSE,9,No,Yes,3,2,Offline,Yes,Yes,1,Intermediate,80,No,No,No,Web development,1,Machine Learning,Single,No,Bachelor,No,3.82,No,3.6,84,30000,STU1198,80.0,No,Single,Machine Learning,Web Development,Good,0,0,Good,0.3904221334952462,0.6095778665047538
2022,Male,20,2020,BCSE,2,Yes,Yes,4,3,Offline,Yes,Yes,2,Basic,100,No,No,No,Programming,2,Software,Single,Yes,Family,No,3.72,No,3.72,11,40000,STU1199,100.0,No,Single,Software,Programming,Good,0,0,Good,0.17250135247744203,0.827498647522558
2019,Female,21,2018,BCSE,10,No,Yes,2,1,Offline,Yes,Yes,2,Intermediate,90,No,No,Yes,Programming,1,Artificial Intelligence,Single,No,Family,No,3.51,No,3.56,125,40000,STU1200,90.0,No,Single,Artificial Intelligence,Programming,Good,0,0,Good,0.2328139479278524,0.7671860520721476
2020,Male,22,2018,BCSE,8,No,No,8,7,Online,Yes,No,4,Intermediate,90,No,No,Yes,Web development,5,Software,Single,No,Bachelor,Yes,3.48,No,3.35,75,40000,STU1201,90.0,Yes,Single,Software,Web Development,Good,0,0,Good,0.22891753551333696,0.7710824644866631
2019,Male,22,2018,BCSE,11,No,No,3,2,Offline,Yes,Yes,20,Basic,90,No,No,Yes,Software Development,1,Machine Learning,Single,No,Bachelor,No,2.65,No,2.99,121,50000,STU1202,90.0,No,Single,Machine Learning,Software Development,At Risk,1,1,At Risk,0.5367713212648744,0.5367713212648744
2019,Male,22,2018,BCSE,11,No,Yes,6,3,Online,Yes,Yes,2,Intermediate,100,No,No,Yes,Web development,5,Software,Relationship,Yes,Bachelor,No,3.72,No,3.42,131,62488,STU1203,100.0,No,Relationship,Software,Web Development,Good,0,0,Good,0.2188201660795208,0.7811798339204792
2021,Male,23,2018,BCSE,2,Yes,No,3,2,Online,Yes,No,3,Basic,85,Yes,No,Yes,Programming,1,Software,Single,No,Bachelor,No,1.96,No,1.96,11,62488,STU1204,85.0,No,Single,Software,Programming,At Risk,1,1,At Risk,0.912905982905983,0.912905982905983
2019,Female,23,2017,BCSE,10,Yes,Yes,2,2,Offline,Yes,Yes,1,Advance,95,No,No,Yes,Networking,2,NETWORKING,Married,Yes,Family,No,3.38,No,3.6,120,50000,STU1205,95.0,No,Married,Networking,Networking,Good,0,0,Good,0.1301839773153588,0.8698160226846412
2018,Male,23,2017,BCSE,14,No,Yes,7,2,Online,Yes,Yes,2,Intermediate,80,Yes,No,No,Web development,2,Software,Relationship,Yes,Family,No,2.8,No,2.8,130,18000,STU1206,80.0,No,Relationship,Software,Web Development,At Risk,1,1,At Risk,0.9250915584717763,0.9250915584717763
2019,Female,21,2018,BCSE,9,No,No,5,2,Online,Yes,Yes,4,Intermediate,100,No,No,Yes,Web development,2,Web development,Single,No,Family,Yes,3.36,No,3.59,100,40000,STU1207,100.0,Yes,Single,Web Development,Web Development,Good,0,0,Good,0.20102561460184198,0.798974385398158
2020,Male,22,2028,BCSE,8,No,No,2,2,Offline,Yes,Yes,4,Intermediate,85,No,No,Yes,Software Development,1,Software,Single,No,Bachelor,No,3.33,No,3.1,80,62488,STU1208,85.0,No,Single,Software,Software Development,At Risk,1,0,Good,0.4661482383036157,0.5338517616963843
2017,Male,25,2016,BCSE,15,No,No,1,1,Online,Yes,Yes,2,Intermediate,90,Yes,No,Yes,"Networking, MIS",2,Hardware,Single,Yes,Family,Yes,2.11,Yes,2.54,126,80000,STU1209,90.0,Yes,Single,Hardware,Networking,At Risk,1,1,At Risk,0.8734044882320744,0.8734044882320744
2021,Male,21,2020,BCSE,4,No,No,1,1,Offline,Yes,Yes,6,Basic,52,No,No,Yes,Programming,1,Software,Single,No,Family,Yes,2.83,No,3.05,37,20000,STU1210,52.0,Yes,Single,Software,Programming,At Risk,1,1,At Risk,0.7835849948812696,0.7835849948812696
2021,Male,21,2019,BCSE,4,Yes,Yes,3,2,Online,Yes,Yes,4,Intermediate,88,Yes,No,No,Programming,2,Software,Single,Yes,Family,No,2.2,No,2.2,30,62488,STU1211,88.0,No,Single,Software,Programming,At Risk,1,1,At Risk,0.7615668409902844,0.7615668409902844
2019,Male,23,2018,BCSE,11,No,Yes,6,3,Offline,Yes,Yes,6,Intermediate,98,No,No,Yes,Web development,3,Software,Single,Yes,Family,No,3.2,No,3.22,110,50000,STU1212,98.0,No,Single,Software,Web Development,Good,0,0,Good,0.15497366899927328,0.8450263310007267
2019,Male,26,2014,BCSE,10,No,No,4,2,Offline,Yes,Yes,1,Intermediate,70,Yes,No,Yes,Web development,2,Software,Single,Yes,Bachelor,No,2.81,No,3.2,104,12000,STU1213,70.0,No,Single,Software,Web Development,At Risk,1,1,At Risk,0.8368393856200994,0.8368393856200994
2022,Male,20,2020,BCSE,2,No,No,5,3,Offline,No,Yes,2,Basic,100,No,No,No,Programming,5,Software,Single,Yes,Bachelor,No,3.48,No,3.48,11,20000,STU1214,100.0,No,Single,Software,Programming,Good,0,0,Good,0.2873610799571276,0.7126389200428724
2022,Female,20,2020,BCSE,2,Yes,No,5,1,Offline,Yes,Yes,6,Intermediate,90,No,No,No,Programming,5,Software,Single,No,Family,Yes,4.0,No,0.0,11,50000,STU1215,90.0,Yes,Single,Software,Programming,At Risk,1,1,At Risk,0.6095501771910319,0.6095501771910319
2022,Male,20,2020,BCSE,1,Yes,Yes,2,7,Offline,Yes,Yes,6,Basic,100,Yes,No,No,Web development,4,Software,Single,No,Family,No,4.0,No,4.0,14,62488,STU1216,100.0,No,Single,Software,Web Development,Good,0,0,Good,0.22498467432950192,0.7750153256704981
2019,Male,23,2017,BCSE,9,Yes,Yes,4,2,Offline,Yes,Yes,6,Intermediate,90,No,No,No,Web development,1,Machine Learning,Single,No,Bachelor,No,3.7,No,3.5,89,50000,STU1217,90.0,No,Single,Machine Learning,Web Development,Good,0,0,Good,0.07949362441365893,0.9205063755863411
2022,Male,20,2020,BCSE,1,Yes,Yes,3,1,Offline,Yes,No,6,Basic,100,No,No,Yes,Programming,0,Software,Relationship,Yes,Family,No,0.0,No,0.0,11,25000,STU1218,100.0,No,Relationship,Software,Programming,At Risk,1,1,At Risk,0.8717129923172031,0.8717129923172031
2022,Female,21,2019,BCSE,2,Yes,Yes,4,3,Offline,Yes,Yes,5,Intermediate,90,No,No,No,Software Development,3,Software,Single,No,Family,No,3.68,No,0.0,11,25000,STU1219,90.0,No,Single,Software,Software Development,At Risk,1,1,At Risk,0.5666699946249453,0.5666699946249453
2022,Male,21,2020,BCSE,1,Yes,No,5,2,Offline,Yes,Yes,2,Intermediate,95,No,No,No,Programming,2,Software,Single,No,Bachelor,No,3.3,No,3.3,11,50000,STU1220,95.0,No,Single,Software,Programming,Good,0,0,Good,0.1868862132759912,0.8131137867240088
2018,Male,22,2016,BCSE,12,No,No,4,2,Online,Yes,Yes,2,Intermediate,88,No,No,Yes,Cyber security,6,Hardware,Single,Yes,Bachelor,No,3.85,No,3.1,115,62488,STU1221,88.0,No,Single,Hardware,Cyber Security,At Risk,1,0,Good,0.33678069297632923,0.6632193070236707
2019,Male,21,2018,BCSE,11,Yes,No,2,2,Online,Yes,Yes,3,Intermediate,90,No,No,Yes,Web development,5,Software,Single,No,Bachelor,No,4.0,No,3.78,120,50000,STU1222,90.0,No,Single,Software,Web Development,Good,0,0,Good,0.17016794972747656,0.8298320502725234
2018,Female,24,2018,BCSE,12,No,No,4,2,Offline,Yes,Yes,1,Intermediate,97,No,No,No,Web development,2,Machine Learning,Single,Yes,Family,No,2.98,No,2.91,136,20000,STU1223,97.0,No,Single,Machine Learning,Web Development,At Risk,1,1,At Risk,0.6809055973358771,0.6809055973358771
2020,Female,22,2018,BCSE,8,Yes,Yes,5,3,Offline,Yes,Yes,15,Advance,100,No,No,No,Web development,4,Hardware,Single,Yes,Family,No,3.64,No,3.75,88,34000,STU1224,100.0,No,Single,Hardware,Web Development,Good,0,0,Good,0.08992130742456401,0.9100786925754359
2022,Female,19,2020,BCSE,2,Yes,No,6,5,Offline,Yes,Yes,1,Intermediate,95,No,No,No,Programming,2,Software,Single,No,Bachelor,No,3.56,No,3.58,11,10000,STU1225,95.0,No,Single,Software,Programming,Good,0,0,Good,0.14257133105672146,0.8574286689432785
2019,Male,23,2018,BCSE,11,No,Yes,1,1,Offline,Yes,Yes,2,Advance,65,No,No,Yes,Digital Marketing,1,Hardware,Relationship,No,Family,No,1.68,No,3.1,120,30000,STU1226,65.0,No,Relationship,Hardware,Digital Marketing,At Risk,1,1,At Risk,0.859988315430032,0.859988315430032
2022,Male,20,2020,BCSE,2,No,Yes,3,3,Online,Yes,Yes,5,Basic,80,No,No,No,Programming,2,NETWORKING,Single,No,Bachelor,No,2.54,No,2.54,11,40000,STU1227,80.0,No,Single,Networking,Programming,At Risk,1,1,At Risk,0.8490633845571101,0.8490633845571101
2022,Male,20,2020,BCSE,2,No,No,7,3,Offline,Yes,Yes,1,Basic,95,No,No,No,Programming,1,Software,Single,No,Bachelor,No,3.9,No,3.9,11,50000,STU1228,95.0,No,Single,Software,Programming,Good,0,0,Good,0.23561131617578243,0.7643886838242175
2019,Female,22,2019,BCSE,9,Yes,Yes,6,3,Offline,Yes,Yes,3,Basic,90,No,No,Yes,Networking,1,NETWORKING,Single,No,Family,No,3.84,No,3.77,99,60000,STU1229,90.0,No,Single,Networking,Networking,Good,0,0,Good,0.11519120403095576,0.8848087959690443
2019,Male,22,2018,BCSE,10,Yes,Yes,1,2,Offline,Yes,Yes,1,Intermediate,70,No,No,Yes,Web development,6,Software,Single,Yes,Bachelor,Yes,3.68,No,3.39,117,16000,STU1230,70.0,Yes,Single,Software,Web Development,Good,0,0,Good,0.08254586494743014,0.9174541350525699
2018,Female,23,2016,BCSE,9,Yes,Yes,2,1,Offline,Yes,Yes,2,Advance,95,No,No,No,Web development,2,Machine Learning,Single,No,Family,No,3.14,No,3.14,101,40000,STU1231,95.0,No,Single,Machine Learning,Web Development,At Risk,1,0,Good,0.2685438737887954,0.7314561262112046
2019,Male,23,2018,BCSE,11,No,No,4,2,Offline,Yes,Yes,4,Intermediate,95,No,No,Yes,Programming,1,NETWORKING,Single,No,Bachelor,No,3.69,No,3.23,125,30000,STU1232,95.0,No,Single,Networking,Programming,Good,0,0,Good,0.15619603012588645,0.8438039698741135
2017,Male,26,2014,BCSE,17,No,No,3,2,Online,Yes,Yes,1,Intermediate,95,No,No,Yes,Web development,6,Software,Single,No,Bachelor,No,2.73,No,3.08,110,25000,STU1233,95.0,No,Single,Software,Web Development,At Risk,1,1,At Risk,0.8551311214692449,0.8551311214692449
2019,Male,24,2018,BCSE,11,No,No,2,2,Online,Yes,Yes,1,Intermediate,80,No,No,No,Web development,4,Software,Single,No,Bachelor,No,3.48,No,3.0,123,62488,STU1234,80.0,No,Single,Software,Web Development,At Risk,1,1,At Risk,0.6040416862197788,0.6040416862197788
2022,Male,20,2020,BCSE,2,Yes,Yes,5,2,Online,Yes,Yes,12,Intermediate,75,No,No,Yes,Programming,2,Software,Single,Yes,Family,No,2.61,No,2.61,11,40000,STU1235,75.0,No,Single,Software,Programming,At Risk,1,1,At Risk,0.9111392177165488,0.9111392177165488
2022,Female,19,2020,BCSE,1,No,No,7,2,Offline,Yes,Yes,2,Intermediate,100,No,No,Yes,Web development,2,Software,Single,Yes,Bachelor,No,0.0,No,0.0,0,70000,STU1236,100.0,No,Single,Software,Web Development,At Risk,1,1,At Risk,0.9150927879808813,0.9150927879808813
2018,Male,23,2018,BCSE,12,No,No,1,1,Offline,Yes,Yes,2,Intermediate,88,Yes,No,Yes,Web development,1,Software,Single,Yes,Bachelor,No,2.8,No,2.68,84,50000,STU1237,88.0,No,Single,Software,Web Development,At Risk,1,1,At Risk,0.9171592119271604,0.9171592119271604
2020,Male,23,2019,BCSE,7,No,No,1,3,Offline,Yes,Yes,1,Basic,90,Yes,No,Yes,Programming,2,Software,Single,No,Bachelor,No,1.52,No,2.15,70,36000,STU1238,90.0,No,Single,Software,Programming,At Risk,1,1,At Risk,0.9731958443854996,0.9731958443854996
2020,Male,22,2019,BCSE,8,No,No,2,1,Offline,Yes,Yes,3,Intermediate,85,No,No,Yes,Web development,3,Software,Single,Yes,Bachelor,No,3.12,No,3.08,83,30000,STU1239,85.0,No,Single,Software,Web Development,At Risk,1,1,At Risk,0.7113376284976423,0.7113376284976423
2018,Male,24,2017,BCSE,12,No,No,5,2,Offline,Yes,Yes,1,Intermediate,90,No,No,Yes,Networking,3,NETWORKING,Relationship,No,Family,No,3.68,No,3.33,118,20000,STU1240,90.0,No,Relationship,Networking,Networking,Good,0,0,Good,0.15351635716139359,0.8464836428386064
2019,Male,24,2018,BCSE,11,Yes,No,4,2,Online,Yes,No,1,Intermediate,85,Yes,Yes,Yes,"Programming, Networking",1,NETWORKING,Single,No,Family,No,2.25,No,2.64,103,20000,STU1241,85.0,No,Single,Networking,Programming,At Risk,1,1,At Risk,0.6705267258928983,0.6705267258928983
2019,Male,22,2018,BCSE,11,Yes,No,1,2,Online,Yes,Yes,1,Intermediate,90,No,No,Yes,Web development,1,Software,Relationship,No,Family,No,3.5,No,3.43,126,100000,STU1242,90.0,No,Relationship,Software,Web Development,Good,0,0,Good,0.16757832055286948,0.8324216794471305
2022,Female,20,2020,BCSE,1,Yes,Yes,6,2,Offline,No,No,1,Basic,100,No,No,Yes,Programming,3,Software,Single,No,Family,No,0.0,No,0.0,0,50000,STU1243,100.0,No,Single,Software,Programming,At Risk,1,1,At Risk,0.8588095238095237,0.8588095238095237
2020,Male,19,2019,BCSE,8,Yes,No,2,1,Online,Yes,Yes,1,Basic,90,No,No,No,Web development,2,Software,Single,No,Bachelor,No,3.36,No,3.72,88,20000,STU1244,90.0,No,Single,Software,Web Development,Good,0,0,Good,0.13111454031481654,0.8688854596851835
2022,Male,20,2020,BCSE,2,Yes,No,1,1,Offline,Yes,Yes,4,Intermediate,99,No,No,No,Programming,2,Software,Single,No,Family,No,3.83,No,3.83,11,35000,STU1245,99.0,No,Single,Software,Programming,Good,0,0,Good,0.18082115869051793,0.819178841309482
2019,Male,22,2018,BCSE,10,No,Yes,4,2,Online,Yes,Yes,1,Intermediate,90,No,No,Yes,Web development,4,Software,Single,No,Family,No,1.98,No,2.98,104,25000,STU1246,90.0,No,Single,Software,Web Development,At Risk,1,1,At Risk,0.7590084187309578,0.7590084187309578
2021,Female,19,2020,BCSE,2,No,Yes,3,2,Offline,Yes,Yes,2,Intermediate,98,No,No,No,Programming,2,Software,Single,No,Family,Yes,3.37,Yes,3.37,11,62488,STU1247,98.0,Yes,Single,Software,Programming,Good,0,0,Good,0.1250776618179158,0.8749223381820842
2022,Male,21,2021,BCSE,1,Yes,Yes,3,2,Online,Yes,Yes,3,Advance,88,No,No,Yes,Networking,1,Software,Single,Yes,Family,No,3.15,No,3.15,11,62488,STU1248,88.0,No,Single,Software,Networking,At Risk,1,1,At Risk,0.6950750637148357,0.6950750637148357
2022,Male,19,2020,BCSE,1,Yes,No,5,3,Offline,Yes,No,3,Basic,88,No,No,No,Programming,2,Software,Single,No,Family,No,0.0,No,0.0,0,30000,STU1249,88.0,No,Single,Software,Programming,At Risk,1,1,At Risk,0.9148070760122231,0.9148070760122231
2022,Male,20,2021,BCSE,1,Yes,Yes,1,1,Offline,Yes,Yes,1,Intermediate,100,No,No,No,Networking,2,Software,Single,Yes,Family,No,0.0,No,0.0,0,150000,STU1250,100.0,No,Single,Software,Networking,At Risk,1,1,At Risk,0.9340859704641349,0.9340859704641349
2022,Female,20,2020,BCSE,1,Yes,No,4,2,Offline,Yes,Yes,3,Intermediate,98,No,No,Yes,Networking,2,NETWORKING,Single,Yes,Family,No,0.0,No,0.0,0,50000,STU1251,98.0,No,Single,Networking,Networking,At Risk,1,1,At Risk,0.935428431372549,0.935428431372549
2017,Female,23,2016,BCSE,14,No,No,3,2,Online,Yes,Yes,3,Basic,90,No,No,Yes,Software Development,2,Software,Married,No,Family,No,2.79,No,2.84,133,30000,STU1252,90.0,No,Married,Software,Software Development,At Risk,1,1,At Risk,0.5683812522588362,0.5683812522588362
2021,Male,21,2019,BCSE,3,Yes,No,5,3,Offline,Yes,Yes,2,Intermediate,95,No,No,Yes,Programming,1,Software,Single,Yes,Bachelor,No,3.52,No,3.65,23,62488,STU1253,95.0,No,Single,Software,Programming,Good,0,0,Good,0.1859092452418815,0.8140907547581185
2021,Male,21,2020,BCSE,3,Yes,Yes,1,2,Online,Yes,Yes,2,Intermediate,90,No,No,Yes,Web development,1,Hardware,Single,No,Family,No,3.85,No,3.79,35,35000,STU1254,90.0,No,Single,Hardware,Web Development,Good,0,0,Good,0.09813727685195546,0.9018627231480445
2019,Female,23,2018,BCSE,11,Yes,No,4,2,Online,Yes,Yes,5,Advance,70,Yes,No,No,Cyber security,2,UI/UX,Married,Yes,Bachelor,Yes,3.01,No,2.89,120,90000,STU1255,70.0,Yes,Married,UI/UX Design,Cyber Security,At Risk,1,1,At Risk,0.7661730769230769,0.7661730769230769
2021,Female,20,2020,BCSE,3,Yes,No,3,2,Offline,Yes,Yes,2,Advance,90,No,No,Yes,Programming,3,NETWORKING,Relationship,No,Family,No,3.18,No,3.18,24,80000,STU1256,90.0,No,Relationship,Networking,Programming,At Risk,1,1,At Risk,0.6764245493181673,0.6764245493181673
2021,Male,19,2020,BCSE,3,Yes,Yes,5,2,Offline,Yes,Yes,5,Intermediate,100,No,No,Yes,Web development,3,Software,Single,Yes,Bachelor,No,3.72,No,3.89,26,60000,STU1257,100.0,No,Single,Software,Web Development,Good,0,0,Good,0.21262839859468755,0.7873716014053125
2021,Female,21,2020,BCSE,5,Yes,Yes,3,2,Online,Yes,No,10,Intermediate,70,No,No,Yes,Programming,3,Software,Single,No,Family,Yes,2.8,No,2.9,40,500000,STU1258,70.0,Yes,Single,Software,Programming,At Risk,1,1,At Risk,0.7747969292849993,0.7747969292849993
2021,Male,21,2020,BCSE,3,Yes,No,2,2,Online,Yes,Yes,3,Basic,90,No,No,Yes,Programming,1,Software,Single,No,Family,No,3.42,No,3.56,23,50000,STU1259,90.0,No,Single,Software,Programming,Good,0,0,Good,0.16595670689829373,0.8340432931017063
2021,Male,20,2020,BCSE,4,Yes,No,3,2,Offline,Yes,Yes,3,Basic,85,No,No,No,Programming,2,Software,Single,No,Bachelor,No,2.49,No,3.03,25,40000,STU1260,85.0,No,Single,Software,Programming,At Risk,1,1,At Risk,0.7212158570036057,0.7212158570036057
2021,Female,19,2020,BCSE,3,No,Yes,2,1,Offline,Yes,Yes,3,Intermediate,95,No,No,Yes,Programming,1,Software,Single,No,Family,No,2.68,No,3.15,23,100000,STU1261,95.0,No,Single,Software,Programming,At Risk,1,1,At Risk,0.7109134581074191,0.7109134581074191
2021,Female,22,2017,BCSE,5,Yes,Yes,3,2,Offline,Yes,Yes,2,Intermediate,90,No,No,Yes,Programming,1,Software,Single,No,Family,Yes,3.86,No,3.67,49,20000,STU1262,90.0,Yes,Single,Software,Programming,Good,0,0,Good,0.09927676401821711,0.9007232359817829
2022,Male,20,2020,BCSE,1,Yes,Yes,3,1,Offline,Yes,Yes,1,Advance,100,No,No,Yes,Programming,1,Software,Single,No,Family,No,0.0,No,0.0,0,30000,STU1263,100.0,No,Single,Software,Programming,At Risk,1,1,At Risk,0.9260737909769555,0.9260737909769555
2021,Male,21,2020,BCSE,5,Yes,Yes,6,3,Online,Yes,Yes,2,Intermediate,90,No,No,No,Programming,3,Software,Single,Yes,Family,No,3.82,No,3.7,55,50000,STU1264,90.0,No,Single,Software,Programming,Good,0,0,Good,0.1882654749506912,0.8117345250493088
2021,Male,21,2019,BCSE,3,Yes,No,2,1,Online,Yes,Yes,2,Intermediate,75,No,No,Yes,Programming,1,Software,Single,No,Family,No,3.58,No,3.1,23,40000,STU1265,75.0,No,Single,Software,Programming,At Risk,1,0,Good,0.4041673359138583,0.5958326640861418
2021,Male,21,2020,BCSE,5,No,No,5,2,Offline,Yes,Yes,2,Intermediate,98,No,No,Yes,Programming,2,Software,Single,No,Bachelor,No,2.57,No,2.8,45,30000,STU1266,98.0,No,Single,Software,Programming,At Risk,1,1,At Risk,0.7341295098612183,0.7341295098612183
2021,Male,22,2020,BCSE,3,Yes,No,5,2,Offline,Yes,Yes,2,Advance,95,No,No,Yes,"Programming, Mentoring",3,Software,Single,Yes,Bachelor,Yes,3.86,No,3.92,23,40000,STU1267,95.0,Yes,Single,Software,Programming,Good,0,0,Good,0.2002345679825448,0.7997654320174552
2022,Male,22,2019,BCSE,2,No,No,3,1,Offline,Yes,Yes,3,Intermediate,80,No,No,Yes,Programming,1,Software,Single,Yes,Bachelor,No,4.0,No,4.0,11,40000,STU1268,80.0,No,Single,Software,Programming,Good,0,0,Good,0.16239478999978094,0.837605210000219
2022,Female,20,2021,BCSE,1,Yes,Yes,1,2,Offline,Yes,Yes,7,Intermediate,80,No,No,No,Not yet,0,Artificial Intelligence,Single,Yes,Family,No,0.0,No,0.0,0,60000,STU1269,80.0,No,Single,Artificial Intelligence,None / Developing,At Risk,1,1,At Risk,0.958793385490754,0.958793385490754
2020,Male,23,2018,BCSE,6,No,No,1,2,Online,Yes,Yes,2,Intermediate,90,Yes,No,No,Programming,1,Software,Single,Yes,Bachelor,No,3.1,No,3.4,65,40000,STU1270,90.0,No,Single,Software,Programming,Good,0,1,At Risk,0.8019073410381928,0.8019073410381928
2022,Female,21,2020,BCSE,1,No,No,6,3,Offline,Yes,Yes,4,Advance,100,No,No,Yes,Programming,3,Software,Single,Yes,Bachelor,No,0.0,No,0.0,0,40000,STU1271,100.0,No,Single,Software,Programming,At Risk,1,1,At Risk,0.8772938781131917,0.8772938781131917
2021,Male,20,2020,BCSE,3,Yes,No,1,2,Offline,Yes,Yes,1,Basic,95,No,No,Yes,Programming,2,Software,Single,No,Family,Yes,3.68,No,3.65,24,45000,STU1272,95.0,Yes,Single,Software,Programming,Good,0,0,Good,0.14640648140048726,0.8535935185995127
2022,Female,21,2020,BCSE,2,Yes,Yes,7,2,Offline,Yes,Yes,3,Basic,2,No,No,Yes,Programming,0,Software,Single,No,Family,No,3.4,No,3.4,11,40000,STU1273,2.0,No,Single,Software,Programming,Good,0,0,Good,0.1732028554635866,0.8267971445364134
2022,Male,19,2020,BCSE,1,Yes,No,8,2,Offline,Yes,Yes,2,Basic,100,No,No,Yes,Data entry,1,Software,Single,Yes,Bachelor,No,0.0,No,0.0,0,10000,STU1274,100.0,No,Single,Software,Data Entry,At Risk,1,1,At Risk,0.9755151515151514,0.9755151515151514
2021,Male,20,2020,BCSE,3,Yes,Yes,3,2,Offline,Yes,Yes,2,Advance,70,No,No,Yes,Programming,3,Software,Single,No,Family,Yes,2.45,No,2.95,25,50000,STU1275,70.0,Yes,Single,Software,Programming,At Risk,1,1,At Risk,0.8829237332548682,0.8829237332548682
2015,Female,25,2015,BCSE,14,No,Yes,2,1,Offline,Yes,Yes,3,Intermediate,80,Yes,No,Yes,Software Development,1,Software,Married,No,Family,No,2.4,No,2.89,130,62488,STU1276,80.0,No,Married,Software,Software Development,At Risk,1,1,At Risk,0.9577777777777777,0.9577777777777777
2021,Female,20,2020,BCSE,3,Yes,Yes,4,3,Offline,Yes,Yes,1,Intermediate,99,No,No,Yes,Programming,3,Software,Married,Yes,Family,No,3.47,No,3.2,23,50000,STU1277,99.0,No,Married,Software,Programming,At Risk,1,1,At Risk,0.5182682256317879,0.5182682256317879
2019,Male,21,2018,BCSE,11,No,Yes,2,1,Offline,Yes,Yes,1,Intermediate,87,No,No,No,Web development,1,Software,Single,No,Bachelor,No,2.53,No,3.05,115,37000,STU1278,87.0,No,Single,Software,Web Development,At Risk,1,1,At Risk,0.6159523180177415,0.6159523180177415
2021,Female,23,2019,BCSE,3,Yes,Yes,1,1,Offline,Yes,No,3,Basic,50,Yes,No,Yes,Photographey,1,Software,Single,Yes,Family,Yes,2.56,No,2.72,26,45000,STU1279,50.0,Yes,Single,Software,Photographey,At Risk,1,1,At Risk,0.651438596491228,0.651438596491228
2022,Female,19,2020,BCSE,1,No,No,4,2,Offline,Yes,Yes,3,Intermediate,100,No,No,No,Don't have any,1,Software,Single,Yes,Family,No,0.0,No,0.0,0,100000,STU1280,100.0,No,Single,Software,None / Developing,At Risk,1,1,At Risk,0.9512269841269841,0.9512269841269841
2020,Male,20,2019,BCSE,7,No,No,2,1,Online,Yes,Yes,1,Basic,80,Yes,No,No,I do not know this,1,Hardware,Single,Yes,Family,No,2.36,No,2.56,65,35000,STU1281,80.0,No,Single,Hardware,None / Developing,At Risk,1,1,At Risk,0.8628705197378208,0.8628705197378208
2022,Female,20,2020,BCSE,1,No,No,2,1,Offline,No,Yes,1,Basic,100,No,No,Yes,Nothing in this chart,1,Syber Security,Married,Yes,Bachelor,No,0.0,No,0.0,0,400006,STU1282,100.0,No,Married,Cyber Security,None / Developing,At Risk,1,1,At Risk,0.9259626484626486,0.9259626484626486
2022,Male,21,2020,BCSE,1,Yes,Yes,1,1,Online,Yes,Yes,2,Intermediate,100,No,No,No,Not Any,0,Software,Single,Yes,Family,No,0.0,No,0.0,0,70000,STU1283,100.0,No,Single,Software,None / Developing,At Risk,1,1,At Risk,0.818271576524741,0.818271576524741
2022,Male,22,2020,BCSE,1,Yes,Yes,4,1,Offline,Yes,Yes,2,Basic,100,Yes,Yes,Yes,Programming,2,Software,Single,No,Bachelor,No,2.68,Yes,3.15,11,20000,STU1284,100.0,No,Single,Software,Programming,At Risk,1,1,At Risk,0.9373324262702993,0.9373324262702993
2021,Female,20,2020,BCSE,3,Yes,Yes,2,2,Online,Yes,Yes,1,Intermediate,90,No,No,Yes,Programming,1,NETWORKING,Single,No,Bachelor,No,3.19,Yes,2.73,24,40000,STU1285,90.0,No,Single,Networking,Programming,At Risk,1,1,At Risk,0.669861968072112,0.669861968072112
2019,Male,21,2019,BCSE,3,No,No,2,2,Online,Yes,Yes,1,Basic,88,Yes,Yes,Yes,no skills,1,Software,Single,No,Bachelor,Yes,2.11,Yes,2.13,25,30000,STU1286,88.0,Yes,Single,Software,None / Developing,At Risk,1,1,At Risk,0.921451355661882,0.921451355661882
2019,Female,22,2018,BCSE,11,No,Yes,6,3,Offline,Yes,Yes,2,Basic,98,No,No,No,Programming,2,Machine Learning,Single,No,Family,No,3.1,No,3.07,107,60000,STU1287,98.0,No,Single,Machine Learning,Programming,At Risk,1,1,At Risk,0.7593976366889013,0.7593976366889013
2021,Male,21,2020,BCSE,3,Yes,No,4,2,Offline,Yes,Yes,5,Intermediate,95,No,No,No,Programming,2,Software,Single,Yes,Bachelor,No,3.28,No,3.0,25,70000,STU1288,95.0,No,Single,Software,Programming,At Risk,1,1,At Risk,0.5470761561585464,0.5470761561585464
2022,Female,21,2020,BCSE,1,Yes,Yes,1,2,Offline,Yes,Yes,2,Basic,100,No,No,No,Programming,0,Software,Single,No,Family,No,3.15,No,3.15,11,35000,STU1289,100.0,No,Single,Software,Programming,At Risk,1,1,At Risk,0.7615034623552097,0.7615034623552097
2022,Male,20,2020,BCSE,2,Yes,No,5,2,Offline,Yes,Yes,3,Basic,90,No,No,Yes,Programming,1,Software,Single,Yes,Bachelor,No,3.6,No,3.6,14,10000,STU1290,90.0,No,Single,Software,Programming,Good,0,0,Good,0.12732268222755982,0.8726773177724402
2021,Female,21,2019,BCSE,3,Yes,No,3,1,Offline,Yes,Yes,1,Intermediate,90,No,No,Yes,Web development,2,NETWORKING,Single,No,Bachelor,No,3.75,No,3.7,24,50000,STU1291,90.0,No,Single,Networking,Web Development,Good,0,0,Good,0.16122125675543092,0.838778743244569
2021,Male,20,2020,BCSE,4,No,No,1,1,Online,Yes,Yes,3,Intermediate,90,No,No,No,Web development,2,Software,Single,Yes,Family,No,3.85,No,3.92,34,40000,STU1292,90.0,No,Single,Software,Web Development,Good,0,0,Good,0.1707391530849302,0.8292608469150697
2021,Female,20,2019,BCSE,4,Yes,Yes,3,3,Offline,Yes,Yes,2,Basic,90,No,No,No,Programming,2,Machine Learning,Single,No,Family,No,2.68,No,2.68,23,100000,STU1293,90.0,No,Single,Machine Learning,Programming,At Risk,1,1,At Risk,0.8457682291825122,0.8457682291825122
2021,Female,21,2020,BCSE,2,Yes,No,3,2,Online,Yes,Yes,1,Intermediate,99,No,No,Yes,Programming,3,Software,Single,No,Bachelor,No,3.18,No,3.18,11,62488,STU1294,99.0,No,Single,Software,Programming,At Risk,1,1,At Risk,0.6163996697851302,0.6163996697851302
2019,Female,24,2018,BCSE,11,Yes,No,2,1,Offline,Yes,Yes,1,Intermediate,90,No,No,Yes,Web development,2,Data Science,Married,No,Family,No,3.39,No,3.4,128,5000,STU1295,90.0,No,Married,Data Science,Web Development,Good,0,0,Good,0.05058045835924587,0.9494195416407541
2021,Female,20,2020,BCSE,4,No,No,4,1,Online,Yes,Yes,4,Intermediate,100,No,No,Yes,Programming,2,Software,Single,No,Bachelor,Yes,2.98,No,3.38,25,60000,STU1296,100.0,Yes,Single,Software,Programming,Good,0,0,Good,0.47808006823649635,0.5219199317635037
2021,Female,21,2020,BCSE,2,No,No,9,2,Offline,Yes,Yes,3,Intermediate,97,Yes,No,No,Programming,5,Software,Single,No,Family,No,3.7,No,3.15,23,50000,STU1297,97.0,No,Single,Software,Programming,At Risk,1,1,At Risk,0.7639936355731649,0.7639936355731649
2018,Female,23,2017,BCSE,14,No,Yes,1,2,Offline,Yes,Yes,2,Advance,80,Yes,No,Yes,Programming,2,Machine Learning,Married,No,Family,No,3.25,No,2.95,130,40000,STU1298,80.0,No,Married,Machine Learning,Programming,At Risk,1,1,At Risk,0.7453888888888889,0.7453888888888889
2021,Male,19,2020,BCSE,3,No,Yes,2,1,Online,Yes,Yes,3,Basic,85,No,No,No,Programming,1,Software,Single,No,Family,No,3.03,No,3.21,25,30000,STU1299,85.0,No,Single,Software,Programming,Good,0,0,Good,0.3633505042702556,0.6366494957297444
2021,Female,22,2020,BCSE,5,No,No,2,2,Offline,Yes,Yes,3,Intermediate,95,No,No,No,Programming,1,Software,Single,No,Bachelor,No,3.1,No,3.18,48,50000,STU1300,95.0,No,Single,Software,Programming,At Risk,1,1,At Risk,0.501962176136866,0.501962176136866
2022,Female,21,2020,BCSE,2,Yes,Yes,2,1,Offline,Yes,Yes,3,Intermediate,98,No,No,Yes,Programming,1,Software,Single,No,Family,No,3.7,No,3.7,12,120000,STU1301,98.0,No,Single,Software,Programming,Good,0,0,Good,0.13721971620357015,0.8627802837964298
2022,Male,21,2020,BCSE,2,Yes,Yes,9,2,Offline,Yes,Yes,6,Intermediate,70,Yes,No,Yes,Programming,4,Software,Single,Yes,Family,No,4.0,No,4.0,12,30000,STU1302,70.0,No,Single,Software,Programming,Good,0,0,Good,0.20734516594516594,0.7926548340548341
2021,Male,19,2020,BCSE,3,Yes,Yes,1,1,Offline,Yes,Yes,2,Intermediate,85,No,No,Yes,Programming,1,Software,Single,Yes,Bachelor,No,3.18,No,3.45,23,62488,STU1303,85.0,No,Single,Software,Programming,Good,0,0,Good,0.2642758553860744,0.7357241446139255
2021,Female,19,2020,BCSE,3,Yes,Yes,2,2,Offline,Yes,Yes,3,Basic,100,No,No,Yes,Programming,2,Software,Single,No,Family,No,3.61,No,3.74,25,40000,STU1304,100.0,No,Single,Software,Programming,Good,0,0,Good,0.1642872995805056,0.8357127004194944
2021,Male,22,2017,BCSE,3,Yes,No,2,1,Online,Yes,Yes,0,Intermediate,70,No,No,No,Programming,1,Software,Single,No,Family,No,3.01,No,3.22,23,70000,STU1305,70.0,No,Single,Software,Programming,Good,0,0,Good,0.3488726020422955,0.6511273979577046
2021,Female,21,2020,BCSE,3,No,Yes,2,2,Offline,Yes,Yes,5,Basic,80,No,No,No,Programming,2,Software,Single,No,Family,Yes,3.26,No,3.36,23,40000,STU1306,80.0,Yes,Single,Software,Programming,Good,0,0,Good,0.2949363072455023,0.7050636927544978
2016,Male,25,2016,BCSE,19,Yes,No,1,1,Offline,Yes,Yes,2,Intermediate,100,No,No,No,Web development,2,Software,Single,Yes,Bachelor,No,3.6,No,3.72,130,300000,STU1307,100.0,No,Single,Software,Web Development,Good,0,0,Good,0.2353232321336312,0.7646767678663688
2021,Male,20,2019,BCSE,3,No,No,2,3,Offline,Yes,Yes,5,Basic,100,No,No,No,Programming,3,Artificial Intelligence,Single,No,Bachelor,Yes,3.12,No,3.01,23,50000,STU1308,100.0,Yes,Single,Artificial Intelligence,Programming,At Risk,1,0,Good,0.4328461765953168,0.5671538234046831
2022,Female,20,2020,BCSE,1,Yes,No,4,3,Offline,Yes,Yes,2,Basic,100,No,No,Yes,Software Development,2,Software,Single,Yes,Bachelor,No,3.93,No,3.93,11,50000,STU1309,100.0,No,Single,Software,Software Development,Good,0,0,Good,0.2628375674904566,0.7371624325095434
2021,Male,20,2020,BCSE,3,Yes,No,5,3,Online,Yes,Yes,6,Advance,95,Yes,No,No,Programming,1,Software,Single,Yes,Bachelor,No,3.0,No,3.55,23,150000,STU1310,95.0,No,Single,Software,Programming,Good,0,0,Good,0.3026464798359535,0.6973535201640465
2019,Male,24,2018,BCSE,9,No,No,1,2,Online,Yes,Yes,3,Basic,70,Yes,No,Yes,Web development,1,Hardware,Single,Yes,Family,No,1.61,No,2.44,40,25000,STU1311,70.0,No,Single,Hardware,Web Development,At Risk,1,1,At Risk,0.8884574898785425,0.8884574898785425
2020,Male,22,2018,BCSE,6,Yes,Yes,1,1,Online,Yes,Yes,3,Basic,80,No,No,No,Web development,1,Software,Single,No,Family,No,2.79,No,3.15,50,40000,STU1312,80.0,No,Single,Software,Web Development,At Risk,1,1,At Risk,0.7546365901065848,0.7546365901065848
2021,Female,22,2020,BCSE,4,No,No,2,1,Offline,Yes,No,3,Intermediate,98,No,No,No,Programming,2,Software,Single,No,Bachelor,No,3.83,No,3.4,25,40000,STU1313,98.0,No,Single,Software,Programming,Good,0,0,Good,0.17322493364711353,0.8267750663528864
2018,Male,26,2018,BCSE,12,Yes,Yes,3,1,Online,Yes,Yes,2,Advance,100,No,No,Yes,Web development,3,Hardware,Single,No,Family,No,3.58,No,3.27,130,62488,STU1314,100.0,No,Single,Hardware,Web Development,Good,0,0,Good,0.06920865800865801,0.930791341991342
2021,Female,21,2020,BCSE,3,Yes,Yes,3,1,Offline,Yes,Yes,4,Basic,100,No,No,Yes,Web development,2,NETWORKING,Single,No,Family,No,3.39,No,3.19,25,70000,STU1315,100.0,No,Single,Networking,Web Development,At Risk,1,1,At Risk,0.6367135144560181,0.6367135144560181
2021,Male,20,2020,BCSE,3,Yes,No,3,3,Offline,Yes,Yes,2,Intermediate,100,No,No,No,Web development,2,Software,Single,No,Bachelor,No,3.38,No,3.37,23,25000,STU1316,100.0,No,Single,Software,Web Development,Good,0,0,Good,0.13332375879546687,0.8666762412045331
2021,Female,19,2020,BCSE,3,Yes,No,3,3,Offline,Yes,Yes,1,Intermediate,100,No,No,Yes,Web development,2,Data Science,Single,No,Bachelor,Yes,3.03,No,3.15,23,30000,STU1317,100.0,Yes,Single,Data Science,Web Development,At Risk,1,0,Good,0.4757138342455582,0.5242861657544418
2022,Male,20,2020,BCSE,1,No,No,3,1,Offline,No,Yes,1,Intermediate,100,No,No,Yes,Nothing,1,Cyber Security,Married,Yes,Family,No,0.0,No,0.0,0,40000,STU1318,100.0,No,Married,Cyber Security,None / Developing,At Risk,1,1,At Risk,0.9456714285714287,0.9456714285714287
2021,Male,21,2020,BCSE,3,Yes,Yes,1,1,Offline,Yes,Yes,1,Intermediate,95,No,No,Yes,Programming,1,Software,Single,Yes,Family,No,3.65,No,3.7,30,40000,STU1319,95.0,No,Single,Software,Programming,Good,0,0,Good,0.1558808255495368,0.8441191744504632
2019,Female,22,2019,BCSE,9,No,Yes,3,1,Offline,Yes,Yes,2,Intermediate,80,No,No,Yes,Web development,1,Hardware,Single,No,Family,Yes,3.18,No,2.69,90,30000,STU1320,80.0,Yes,Single,Hardware,Web Development,At Risk,1,1,At Risk,0.687726496758045,0.687726496758045
2022,Male,21,2020,BCSE,2,Yes,Yes,3,2,Offline,Yes,Yes,2,Basic,100,No,No,Yes,Programming,2,Software,Single,Yes,Family,No,3.78,No,3.15,90,30000,STU1321,100.0,No,Single,Software,Programming,At Risk,1,1,At Risk,0.515557235214081,0.515557235214081
2020,Male,24,2017,BCSE,8,Yes,Yes,1,1,Offline,Yes,Yes,4,Intermediate,70,No,No,No,Programming,3,Machine Learning,Relationship,Yes,Family,No,2.56,No,3.38,90,30000,STU1322,70.0,No,Relationship,Machine Learning,Programming,Good,0,0,Good,0.19809050915281964,0.8019094908471803
2021,Male,20,2020,BCSE,3,Yes,No,2,2,Offline,No,Yes,12,Basic,90,No,No,No,learner,0,Software,Single,No,Family,Yes,2.94,No,3.1,24,45000,STU1323,90.0,Yes,Single,Software,Learner,At Risk,1,1,At Risk,0.8763234035255267,0.8763234035255267
2021,Female,19,2020,BCSE,3,No,No,3,2,Offline,Yes,Yes,4,Intermediate,77,Yes,No,Yes,Programming,3,Software,Single,No,Family,No,2.36,No,2.88,23,80000,STU1324,77.0,No,Single,Software,Programming,At Risk,1,1,At Risk,0.8659830118136514,0.8659830118136514
2022,Male,21,2021,BCSE,2,Yes,No,3,2,Online,Yes,No,5,Intermediate,100,No,No,Yes,Programming,2,Software,Single,No,Family,No,3.8,No,3.8,11,30000,STU1325,100.0,No,Single,Software,Programming,Good,0,0,Good,0.2407208024218116,0.7592791975781884
2021,Male,22,2020,BCSE,3,Yes,No,0,0,Offline,Yes,Yes,15,Basic,80,Yes,No,No,Programming,0,Software,Single,No,Bachelor,No,1.53,No,2.43,23,30000,STU1326,80.0,No,Single,Software,Programming,At Risk,1,1,At Risk,0.9395726495726495,0.9395726495726495
2020,Female,21,2019,BCSE,7,No,Yes,2,2,Online,Yes,Yes,5,Intermediate,80,No,No,Yes,Web development,3,UI/UX,Relationship,No,Family,No,3.0,No,2.91,90,35000,STU1327,80.0,No,Relationship,UI/UX Design,Web Development,At Risk,1,1,At Risk,0.5607666680902043,0.5607666680902043
2021,Female,20,2020,BCSE,3,No,Yes,2,1,Offline,Yes,No,5,Basic,80,No,No,Yes,Programming,1,Software,Single,Yes,Family,No,2.32,No,2.66,23,40000,STU1328,80.0,No,Single,Software,Programming,At Risk,1,1,At Risk,0.8250471913756313,0.8250471913756313
2022,Male,21,2022,BCSE,1,Yes,Yes,6,2,Online,Yes,Yes,4,Intermediate,90,Yes,No,Yes,Cyber security,1,Software,Single,No,Bachelor,Yes,0.0,Yes,0.0,11,62488,STU1329,90.0,Yes,Single,Software,Cyber Security,At Risk,1,1,At Risk,0.8911246376811595,0.8911246376811595
2021,Female,21,2019,BCSE,3,Yes,No,3,0,Offline,Yes,Yes,12,Advance,50,No,No,Yes,No skill,0,NETWORKING,Relationship,Yes,Family,Yes,3.37,No,3.15,23,62488,STU1330,50.0,Yes,Relationship,Networking,None / Developing,At Risk,1,1,At Risk,0.7954924074893115,0.7954924074893115
2021,Female,22,2020,BCSE,3,Yes,No,2,1,Offline,Yes,Yes,3,Intermediate,100,No,No,Yes,Web development,1,Machine Learning,Single,Yes,Bachelor,Yes,2.89,No,3.37,24,50000,STU1331,100.0,Yes,Single,Machine Learning,Web Development,Good,0,0,Good,0.17662098920666833,0.8233790107933316
2021,Female,21,2019,BCSE,3,Yes,Yes,2,3,Offline,Yes,Yes,2,Basic,90,No,No,No,Programming,2,Software,Single,No,Family,No,3.17,No,3.15,24,40000,STU1332,90.0,No,Single,Software,Programming,At Risk,1,1,At Risk,0.7116660407215973,0.7116660407215973
2021,Female,20,2020,BCSE,3,Yes,Yes,2,2,Offline,Yes,Yes,5,Basic,100,Yes,No,No,Programming,1,Software,Single,No,Family,Yes,2.26,No,2.31,20,35000,STU1333,100.0,Yes,Single,Software,Programming,At Risk,1,1,At Risk,0.9286827668824681,0.9286827668824681
2022,Female,21,2020,BCSE,2,Yes,No,5,2,Offline,Yes,Yes,2,Basic,99,No,No,No,Programming,1,Software,Single,No,Bachelor,No,3.65,No,3.65,12,35000,STU1334,99.0,No,Single,Software,Programming,Good,0,0,Good,0.11054883179442049,0.8894511682055795
2021,Female,22,2019,BCSE,3,Yes,Yes,2,1,Offline,Yes,Yes,1,Intermediate,96,No,No,Yes,Programming,1,Machine Learning,Single,No,Family,No,3.03,No,3.02,25,49000,STU1335,96.0,No,Single,Machine Learning,Programming,At Risk,1,1,At Risk,0.6648557289173331,0.6648557289173331
2020,Male,22,2018,BCSE,7,Yes,Yes,2,1,Offline,Yes,Yes,4,Basic,80,No,No,Yes,Web development,0,Software,Single,No,Bachelor,Yes,3.93,No,3.44,53,15000,STU1336,80.0,Yes,Single,Software,Web Development,Good,0,0,Good,0.1629743250598294,0.8370256749401705
2019,Female,22,2018,BCSE,9,No,Yes,4,3,Offline,Yes,Yes,2,Advance,80,No,No,Yes,Programming,2,Data Science,Single,Yes,Family,No,3.0,No,3.09,105,2000000,STU1337,80.0,No,Single,Data Science,Programming,At Risk,1,1,At Risk,0.7829387239682923,0.7829387239682923
2022,Female,20,2021,BCSE,1,Yes,Yes,2,1,Offline,Yes,Yes,3,Basic,98,No,No,Yes,Programming,0,Software,Single,No,Family,No,0.0,No,0.0,0,62488,STU1338,98.0,No,Single,Software,Programming,At Risk,1,1,At Risk,0.9306002140974967,0.9306002140974967
2022,Male,20,2020,BCSE,2,Yes,Yes,8,4,Offline,Yes,Yes,2,Basic,88,No,No,Yes,Programming,2,Software,Single,Yes,Bachelor,No,3.45,No,3.45,11,30000,STU1339,88.0,No,Single,Software,Programming,Good,0,0,Good,0.2513525626057307,0.7486474373942693
2021,Female,21,2020,BCSE,3,Yes,Yes,3,4,Offline,Yes,Yes,1,Basic,100,No,No,Yes,Programming,1,Software,Single,No,Family,No,2.94,No,3.03,23,62488,STU1340,100.0,No,Single,Software,Programming,At Risk,1,1,At Risk,0.7576138673282276,0.7576138673282276
2021,Male,21,2019,BCSE,3,Yes,Yes,8,2,Offline,Yes,Yes,1,Intermediate,100,No,No,No,Programming,4,Software,Relationship,Yes,Family,No,3.93,No,3.95,25,50000,STU1341,100.0,No,Relationship,Software,Programming,Good,0,0,Good,0.09649334060607603,0.9035066593939239
2021,Male,21,2019,BCSE,3,Yes,Yes,1,1,Online,Yes,Yes,2,Intermediate,85,No,No,No,Programming,2,Data Science,Single,Yes,Family,Yes,3.86,No,3.84,24,50000,STU1342,85.0,Yes,Single,Data Science,Programming,Good,0,0,Good,0.10210835407772959,0.8978916459222704
2022,Male,20,2020,BCSE,3,No,Yes,4,2,Offline,Yes,Yes,2,Intermediate,100,Yes,No,No,Programming,1,Software,Single,No,Family,No,2.93,No,2.84,26,30000,STU1343,100.0,No,Single,Software,Programming,At Risk,1,1,At Risk,0.8748459230827653,0.8748459230827653
2021,Male,20,2020,BCSE,4,Yes,No,5,3,Online,Yes,Yes,1,Intermediate,80,No,No,Yes,Programming,2,Software,Single,No,Bachelor,No,3.06,No,3.08,36,7000,STU1344,80.0,No,Single,Software,Programming,At Risk,1,1,At Risk,0.5356752808600396,0.5356752808600396
2022,Female,21,2019,BCSE,1,Yes,Yes,2,1,Offline,Yes,Yes,7,Advance,100,No,No,Yes,Cyber security,0,Software,Single,No,Family,No,0.0,No,0.0,0,50000,STU1345,100.0,No,Single,Software,Cyber Security,At Risk,1,1,At Risk,0.8660859704641353,0.8660859704641353
2020,Female,21,2018,BCSE,8,Yes,Yes,0,0,Offline,Yes,Yes,3,Intermediate,100,No,No,Yes,Programming,4,Software,Single,No,Family,No,3.92,No,3.94,60,50000,STU1346,100.0,No,Single,Software,Programming,Good,0,0,Good,0.10300902753883406,0.896990972461166
2021,Male,21,2019,BCSE,3,No,Yes,2,1,Offline,Yes,Yes,2,Intermediate,98,No,No,No,Web development,1,Software,Single,Yes,Family,No,3.17,No,3.53,25,30000,STU1347,98.0,No,Single,Software,Web Development,Good,0,0,Good,0.34629416998232154,0.6537058300176785
2022,Female,20,2020,BCSE,1,Yes,Yes,1,1,Offline,Yes,Yes,3,Basic,95,No,No,No,Programming,1,Software,Single,No,Family,No,3.63,No,3.63,11,35000,STU1348,95.0,No,Single,Software,Programming,Good,0,0,Good,0.18952803544778046,0.8104719645522196
2021,Male,20,2020,BCSE,3,Yes,No,8,2,Offline,Yes,Yes,2,Intermediate,98,No,No,Yes,Programming,2,Software,Single,No,Family,No,3.98,No,3.86,23,20000,STU1349,98.0,No,Single,Software,Programming,Good,0,0,Good,0.10622116686152597,0.8937788331384741
2021,Female,21,2020,BCSE,4,No,Yes,6,1,Offline,Yes,No,2,Intermediate,97,Yes,No,Yes,Programming,3,Software,Single,Yes,Family,No,3.39,No,2.8,20,40000,STU1350,97.0,No,Single,Software,Programming,At Risk,1,1,At Risk,0.623367889420521,0.623367889420521
2021,Female,18,2020,BCSE,2,Yes,No,2,2,Online,Yes,No,3,Intermediate,90,No,No,No,Programming,1,Software,Engaged,No,Bachelor,Yes,3.68,No,3.68,11,40000,STU1351,90.0,Yes,Engaged,Software,Programming,Good,0,0,Good,0.2647071267496507,0.7352928732503493
2022,Male,21,2019,BCSE,2,Yes,No,5,3,Offline,Yes,Yes,4,Basic,90,Yes,No,Yes,Programming,3,Software,Single,Yes,Bachelor,No,3.83,No,3.83,11,20000,STU1352,90.0,No,Single,Software,Programming,Good,0,0,Good,0.31863838054993776,0.6813616194500622
2020,Male,22,2019,BCSE,8,No,No,3,1,Offline,Yes,Yes,4,Intermediate,100,No,No,Yes,Programming,2,Software,Single,No,Bachelor,No,3.64,No,3.74,87,50000,STU1353,100.0,No,Single,Software,Programming,Good,0,0,Good,0.28186336732428663,0.7181366326757134
2021,Male,20,2020,BCSE,3,Yes,Yes,2,1,Offline,Yes,Yes,1,Intermediate,100,No,No,Yes,Programming,1,Cyber security,Single,No,Family,No,2.96,No,3.38,25,25000,STU1354,100.0,No,Single,Cyber Security,Programming,Good,0,0,Good,0.2917696014400355,0.7082303985599645
2020,Male,22,2019,BCSE,6,No,Yes,3,2,Offline,Yes,Yes,1,Intermediate,100,Yes,No,Yes,Programming,2,Software,Single,Yes,Bachelor,No,2.25,No,3.15,60,20000,STU1355,100.0,No,Single,Software,Programming,At Risk,1,1,At Risk,0.9852525252525252,0.9852525252525252
2020,Male,19,2020,BCSE,2,Yes,No,5,1,Offline,Yes,Yes,2,Intermediate,100,No,No,No,Programming,2,Data Science,Single,Yes,Bachelor,Yes,3.8,No,3.8,11,20000,STU1356,100.0,Yes,Single,Data Science,Programming,Good,0,0,Good,0.18593986623265735,0.8140601337673427
2021,Female,20,2018,BCSE,3,Yes,Yes,1,2,Online,Yes,Yes,5,Intermediate,90,No,No,Yes,Programming,1,Software,Single,No,Family,No,3.49,No,3.5,23,30000,STU1357,90.0,No,Single,Software,Programming,Good,0,0,Good,0.14281382390677225,0.8571861760932278
2021,Male,21,2021,BCSE,3,Yes,Yes,2,1,Offline,Yes,Yes,2,Intermediate,60,No,No,No,Programming,1,Software,Single,No,Family,No,2.11,No,3.0,26,50000,STU1358,60.0,No,Single,Software,Programming,At Risk,1,1,At Risk,0.7864136186606632,0.7864136186606632
2021,Male,20,2020,BCSE,2,Yes,No,3,1,Offline,Yes,Yes,3,Intermediate,99,Yes,Yes,Yes,Programming,1,Software,Single,No,Family,No,3.42,No,3.42,11,20000,STU1359,99.0,No,Single,Software,Programming,Good,0,0,Good,0.1799350004419137,0.8200649995580863
2020,Female,23,2019,BCSE,7,Yes,No,5,2,Offline,Yes,Yes,6,Intermediate,99,No,No,Yes,Basic knowledge,2,NETWORKING,Engaged,Yes,Bachelor,Yes,3.96,No,3.93,76,12500,STU1360,99.0,Yes,Engaged,Networking,Basic Knowledge,Good,0,0,Good,0.2254704351822306,0.7745295648177695
2018,Male,23,2017,BCSE,12,No,Yes,7,3,Offline,Yes,Yes,2,Intermediate,90,Yes,No,Yes,Web development,4,Software,Single,No,Bachelor,No,2.86,No,3.26,125,15000,STU1361,90.0,No,Single,Software,Web Development,Good,0,1,At Risk,0.8109384066057211,0.8109384066057211
2022,Male,21,2020,BCSE,2,No,No,5,3,Offline,Yes,No,4,Basic,60,Yes,No,Yes,Programming,1,Software,Single,No,Bachelor,No,0.5,No,0.5,11,5000,STU1362,60.0,No,Single,Software,Programming,At Risk,1,1,At Risk,0.9,0.9
2022,Female,20,2020,BCSE,1,No,No,5,2,Offline,Yes,Yes,3,Intermediate,98,No,No,Yes,Programming,1,Software,Single,No,Family,No,3.5,No,3.5,0,20000,STU1363,98.0,No,Single,Software,Programming,Good,0,0,Good,0.21373104041500557,0.7862689595849944
2022,Male,20,2020,BCSE,2,Yes,No,1,2,Offline,Yes,Yes,2,Basic,90,No,No,No,Programming,1,Software,Single,No,Family,No,2.52,No,2.52,12,50000,STU1364,90.0,No,Single,Software,Programming,At Risk,1,1,At Risk,0.7655142956129385,0.7655142956129385
2021,Male,21,2019,BCSE,3,No,Yes,4,1,Offline,Yes,Yes,2,Intermediate,98,No,No,No,Programming,3,Full stack web development,Single,No,Family,No,3.72,No,3.71,25,60000,STU1365,98.0,No,Single,Web Development,Programming,Good,0,0,Good,0.15117292010459032,0.8488270798954096
2019,Female,22,2018,BCSE,11,Yes,No,5,2,Online,Yes,Yes,2,Intermediate,95,No,No,Yes,System analysis,1,Hardware,Relationship,Yes,Family,No,2.8,No,3.35,120,68000,STU1366,95.0,No,Relationship,Hardware,System Analysis,Good,0,0,Good,0.10213021564752418,0.8978697843524758
2020,Female,21,2019,BCSE,6,Yes,No,3,2,Offline,Yes,Yes,2,Intermediate,99,No,No,Yes,Programming,1,Software,Single,No,Family,No,3.98,No,3.99,58,40000,STU1367,99.0,No,Single,Software,Programming,Good,0,0,Good,0.11947194774546403,0.880528052254536
2021,Male,20,2019,BCSE,3,No,No,4,2,Offline,Yes,Yes,3,Intermediate,100,No,No,No,Programming,2,Software,Single,No,Bachelor,Yes,3.68,No,3.61,24,40000,STU1368,100.0,Yes,Single,Software,Programming,Good,0,0,Good,0.1246215704404365,0.8753784295595635
2021,Male,21,2019,BCSE,3,Yes,No,1,1,Offline,Yes,Yes,5,Intermediate,90,No,No,No,Programming,1,Software,Single,No,Family,Yes,3.03,No,2.94,25,50000,STU1369,90.0,Yes,Single,Software,Programming,At Risk,1,1,At Risk,0.7103879578406093,0.7103879578406093
2019,Female,22,2017,BCSE,11,No,No,3,2,Offline,Yes,Yes,4,Intermediate,95,No,No,Yes,Web development,1,Machine Learning,Single,No,Family,Yes,3.34,No,3.18,120,40000,STU1370,95.0,Yes,Single,Machine Learning,Web Development,At Risk,1,0,Good,0.24639076123685094,0.753609238763149
2021,Female,21,2020,BCSE,2,Yes,Yes,8,2,Offline,Yes,Yes,2,Basic,100,No,No,Yes,Software Development,1,Software,Single,Yes,Family,No,3.39,No,3.39,12,50000,STU1371,100.0,No,Single,Software,Software Development,Good,0,0,Good,0.17941825488855578,0.8205817451114442
2019,Female,23,2018,BCSE,11,No,Yes,3,2,Offline,Yes,Yes,3,Intermediate,96,No,No,Yes,Web development,2,Software,Single,No,Family,No,3.78,No,3.55,141,18000,STU1372,96.0,No,Single,Software,Web Development,Good,0,0,Good,0.14418531004653232,0.8558146899534677
2019,Male,24,2019,BCSE,5,No,Yes,2,2,Offline,Yes,Yes,8,Basic,100,Yes,No,Yes,Programming,8,Creating a game using a program language,Single,No,Family,No,1.05,No,2.97,42,62488,STU1373,100.0,No,Single,Programming,Programming,At Risk,1,1,At Risk,0.9560000000000001,0.9560000000000001
2021,Female,20,2020,BCSE,3,No,No,2,3,Offline,Yes,Yes,4,Basic,85,Yes,No,No,Programming,2,NETWORKING,Single,No,Bachelor,No,2.06,No,2.2,23,25000,STU1374,85.0,No,Single,Networking,Programming,At Risk,1,1,At Risk,0.9635520619731146,0.9635520619731146
2022,Female,20,2020,BCSE,2,Yes,No,3,1,Offline,Yes,Yes,3,Basic,95,No,No,No,Programming,2,Software,Single,No,Family,No,3.67,No,3.67,11,45000,STU1375,95.0,No,Single,Software,Programming,Good,0,0,Good,0.18704094005072708,0.8129590599492729
2021,Female,19,2020,BCSE,2,No,Yes,5,2,Offline,Yes,Yes,3,Intermediate,100,No,No,No,Programming,3,Artificial Intelligence,Single,Yes,Family,No,3.78,No,3.78,11,40000,STU1376,100.0,No,Single,Artificial Intelligence,Programming,Good,0,0,Good,0.1963768155689063,0.8036231844310937
2020,Female,20,2019,BCSE,7,Yes,No,1,1,Online,Yes,Yes,1,Intermediate,75,Yes,No,No,No skills,1,Machine Learning,Relationship,Yes,Family,Yes,1.63,No,2.61,79,60000,STU1377,75.0,Yes,Relationship,Machine Learning,None / Developing,At Risk,1,1,At Risk,0.8848421052631579,0.8848421052631579
2021,Male,21,2020,BCSE,3,Yes,No,2,1,Offline,Yes,Yes,6,Basic,70,No,No,Yes,Programming,2,UI/UX,Single,Yes,Bachelor,No,3.17,No,3.39,22,40000,STU1378,70.0,No,Single,UI/UX Design,Programming,Good,0,0,Good,0.19615499748042353,0.8038450025195765
2021,Female,20,2019,BCSE,3,No,Yes,2,1,Offline,Yes,Yes,2,Intermediate,100,No,No,No,Memorizing,3,Data Science,Single,No,Family,Yes,3.82,No,3.91,23,100000,STU1379,100.0,Yes,Single,Data Science,Memorizing,Good,0,0,Good,0.09248468578694347,0.9075153142130565
2022,Male,22,2020,BCSE,2,No,No,2,1,Offline,Yes,No,4,Basic,100,No,No,Yes,Nothing,0,Software,Single,No,Bachelor,No,2.55,No,2.55,11,40000,STU1380,100.0,No,Single,Software,None / Developing,At Risk,1,1,At Risk,0.8635692811896953,0.8635692811896953
2021,Male,22,2019,BCSE,3,Yes,Yes,2,3,Online,Yes,Yes,2,Intermediate,92,No,No,Yes,Programming,1,Software,Single,No,Family,No,3.79,No,3.89,23,35000,STU1381,92.0,No,Single,Software,Programming,Good,0,0,Good,0.11526076746226213,0.8847392325377379
2022,Male,20,2020,BCSE,1,Yes,No,2,1,Offline,Yes,No,3,Basic,99,No,No,No,Programming,0,Software,Relationship,Yes,Bachelor,No,4.0,No,4.0,10,20000,STU1382,99.0,No,Relationship,Software,Programming,Good,0,0,Good,0.1446871992126266,0.8553128007873734
2019,Female,23,2017,BCSE,11,No,Yes,3,2,Offline,Yes,Yes,2,Intermediate,85,No,No,Yes,Web development,2,Machine Learning,Single,No,Bachelor,No,3.76,No,3.62,120,33000,STU1383,85.0,No,Single,Machine Learning,Web Development,Good,0,0,Good,0.2003310153405936,0.7996689846594064
2020,Male,21,2019,BCSE,8,Yes,No,5,3,Offline,Yes,Yes,4,Basic,100,No,No,Yes,Web development,2,Machine Learning,Single,Yes,Bachelor,Yes,3.74,No,3.91,88,15000,STU1384,100.0,Yes,Single,Machine Learning,Web Development,Good,0,0,Good,0.25739506214892766,0.7426049378510724
2022,Male,20,2020,BCSE,1,Yes,No,1,1,Offline,Yes,Yes,2,Basic,98,No,No,Yes,Trying to learn,2,Software,Single,Yes,Bachelor,No,0.0,No,0.0,0,20000,STU1385,98.0,No,Single,Software,Trying To Learn,At Risk,1,1,At Risk,0.9628600414078676,0.9628600414078676
2022,Male,20,2019,BCSE,1,Yes,Yes,2,1,Offline,Yes,Yes,1,Basic,99,Yes,No,Yes,Programming,2,Software,Single,Yes,Bachelor,No,3.15,No,3.15,13,20000,STU1386,99.0,No,Single,Software,Programming,At Risk,1,1,At Risk,0.9160429369498503,0.9160429369498503
2021,Female,21,2020,BCSE,3,Yes,No,2,2,Offline,Yes,Yes,4,Intermediate,100,No,No,No,Programming,2,Software,Single,No,Family,No,3.38,No,3.2,23,50000,STU1387,100.0,No,Single,Software,Programming,At Risk,1,0,Good,0.47162354494320924,0.5283764550567908
2020,Male,22,2018,BCSE,6,No,No,5,2,Offline,Yes,No,3,Intermediate,90,No,No,Yes,Web development,3,Software,Single,No,Bachelor,No,3.98,No,3.97,58,70000,STU1388,90.0,No,Single,Software,Web Development,Good,0,0,Good,0.18719492874761967,0.8128050712523803
2022,Male,22,2015,BCSE,2,Yes,No,2,2,Online,Yes,Yes,1,Basic,95,Yes,No,Yes,Programming,1,Software,Single,Yes,Bachelor,Yes,2.1,No,2.1,14,25000,STU1389,95.0,Yes,Single,Software,Programming,At Risk,1,1,At Risk,0.9554911389026961,0.9554911389026961
2020,Female,21,2019,BCSE,8,Yes,No,3,1,Offline,Yes,Yes,5,Intermediate,80,Yes,No,No,Web development,1,Data Science,Single,Yes,Bachelor,No,2.72,No,2.25,62,60000,STU1390,80.0,No,Single,Data Science,Web Development,At Risk,1,1,At Risk,0.8192704184704184,0.8192704184704184
2021,Female,22,2020,BCSE,3,Yes,Yes,3,1,Offline,No,Yes,3,Advance,98,No,No,Yes,Cyber security,4,Artificial Intelligence,Single,No,Family,Yes,3.3,Yes,3.39,23,50000,STU1391,98.0,Yes,Single,Artificial Intelligence,Cyber Security,Good,0,0,Good,0.18039124920439523,0.8196087507956048
2021,Male,21,2020,BCSE,3,Yes,No,4,1,Offline,Yes,Yes,2,Advance,100,No,No,Yes,Programming,3,Software,Single,No,Bachelor,No,4.0,No,3.72,23,30000,STU1392,100.0,No,Single,Software,Programming,Good,0,0,Good,0.14141922238146568,0.8585807776185344
2022,Male,20,2019,BCSE,2,No,No,2,2,Offline,Yes,Yes,3,Basic,90,No,Yes,Yes,Networking,2,NETWORKING,Single,No,Bachelor,No,3.1,No,3.1,12,20000,STU1393,90.0,No,Single,Networking,Networking,At Risk,1,1,At Risk,0.7316344562303676,0.7316344562303676
2021,Female,20,2019,BCSE,3,Yes,No,1,1,Offline,Yes,Yes,3,Advance,90,Yes,No,Yes,Programming,1,Software,Single,No,Bachelor,No,2.56,No,2.01,23,35000,STU1394,90.0,No,Single,Software,Programming,At Risk,1,1,At Risk,0.8500024484737579,0.8500024484737579
2020,Female,20,2020,BCSE,2,Yes,Yes,2,3,Offline,Yes,Yes,12,Intermediate,80,No,No,No,Photography,1,Software,Engaged,Yes,Bachelor,Yes,3.21,No,3.21,12,30000,STU1395,80.0,Yes,Engaged,Software,Photography,Good,0,0,Good,0.15322798907501375,0.8467720109249862
2022,Female,19,2021,BCSE,1,Yes,Yes,6,2,Offline,Yes,Yes,2,Intermediate,95,No,No,No,Programming,2,Software,Single,No,Family,No,0.0,No,0.0,0,70000,STU1396,95.0,No,Single,Software,Programming,At Risk,1,1,At Risk,0.8886856248420153,0.8886856248420153
2022,Male,19,2020,BCSE,12,No,No,4,2,Offline,Yes,No,3,Intermediate,75,Yes,No,Yes,Programming,1,Software,Single,Yes,Family,Yes,3.38,No,3.38,14,15000,STU1397,75.0,Yes,Single,Software,Programming,Good,0,0,Good,0.2135181279121377,0.7864818720878624
2022,Female,19,2021,BCSE,1,Yes,No,3,2,Offline,Yes,No,2,Basic,92,No,No,No,Programming,1,Software,Single,No,Family,No,3.15,No,3.15,11,50000,STU1398,92.0,No,Single,Software,Programming,At Risk,1,1,At Risk,0.7728373821540461,0.7728373821540461
2022,Male,21,2020,BCSE,2,No,No,1,1,Offline,Yes,Yes,4,Basic,95,Yes,No,Yes,Programming,2,Software,Single,Yes,Bachelor,No,3.9,No,3.9,11,30000,STU1399,95.0,No,Single,Software,Programming,Good,0,0,Good,0.21171419585161225,0.7882858041483878
2022,Male,20,2020,BCSE,2,Yes,Yes,2,1,Offline,Yes,Yes,1,Intermediate,98,No,No,Yes,Programming,1,Software,Single,No,Family,No,3.95,No,3.95,12,50000,STU1400,98.0,No,Single,Software,Programming,Good,0,0,Good,0.183633283399156,0.816366716600844
2022,Female,20,2020,BCSE,2,Yes,Yes,3,2,Offline,Yes,Yes,3,Intermediate,100,No,No,No,Programming,1,Artificial Intelligence,Single,No,Family,No,3.03,No,3.03,12,90000,STU1401,100.0,No,Single,Artificial Intelligence,Programming,At Risk,1,1,At Risk,0.7057710013928203,0.7057710013928203
2018,Female,23,2017,BCSE,14,No,Yes,7,1,Offline,Yes,Yes,5,Intermediate,60,Yes,No,No,Cyber security,2,Artificial Intelligence,Relationship,Yes,Bachelor,Yes,2.59,No,2.56,133,28000,STU1402,60.0,Yes,Relationship,Artificial Intelligence,Cyber Security,At Risk,1,1,At Risk,0.8887934815486993,0.8887934815486993
2022,Male,20,2020,BCSE,1,Yes,No,3,1,Offline,Yes,No,2,Advance,100,No,No,Yes,Programming,2,Software,Single,Yes,Bachelor,No,0.0,No,0.0,0,30000,STU1403,100.0,No,Single,Software,Programming,At Risk,1,1,At Risk,0.9797321428571429,0.9797321428571429
2021,Female,19,2020,BCSE,3,Yes,Yes,5,2,Offline,Yes,Yes,4,Intermediate,99,No,No,Yes,Programming,3,Software,Single,No,Family,No,3.45,No,3.3,25,25000,STU1404,99.0,No,Single,Software,Programming,Good,0,0,Good,0.17963346567027674,0.8203665343297233
2022,Male,20,2021,BCSE,2,No,Yes,1,1,Offline,Yes,No,4,Basic,85,No,No,No,Programming,1,Software,Single,Yes,Family,No,3.6,No,3.6,11,40000,STU1405,85.0,No,Single,Software,Programming,Good,0,0,Good,0.3456380602514023,0.6543619397485977
2022,Female,20,2020,BCSE,2,No,No,6,2,Online,Yes,Yes,1,Basic,98,Yes,No,Yes,Web development,5,Software,Single,Yes,Bachelor,No,3.53,No,3.53,11,40000,STU1406,98.0,No,Single,Software,Web Development,Good,0,0,Good,0.23851587301587304,0.7614841269841269
2020,Female,20,2019,BCSE,8,Yes,No,3,2,Offline,Yes,Yes,2,Intermediate,99,No,No,Yes,Programming,1,Machine Learning,Single,Yes,Family,No,3.86,No,3.69,90,50000,STU1407,99.0,No,Single,Machine Learning,Programming,Good,0,0,Good,0.09724376668816793,0.9027562333118321
2022,Female,19,2020,BCSE,2,No,Yes,3,2,Offline,Yes,Yes,4,Advance,100,No,No,Yes,Programming,2,Artificial Intelligence,Single,Yes,Family,No,3.48,No,2.4,11,25000,STU1408,100.0,No,Single,Artificial Intelligence,Programming,At Risk,1,1,At Risk,0.6441381913465583,0.6441381913465583
2021,Male,21,2019,BCSE,5,No,No,2,1,Online,Yes,Yes,1,Intermediate,98,No,No,No,Programming,6,Software,Single,No,Bachelor,No,3.7,No,3.77,54,62488,STU1409,98.0,No,Single,Software,Programming,Good,0,0,Good,0.23598037616034268,0.7640196238396573
2022,Female,20,2020,BCSE,2,No,Yes,3,1,Offline,Yes,Yes,1,Advance,100,No,No,Yes,Programming,2,Software,Single,No,Family,No,3.84,No,3.84,11,50000,STU1410,100.0,No,Single,Software,Programming,Good,0,0,Good,0.2529038487582424,0.7470961512417575
2020,Female,21,2019,BCSE,8,No,Yes,6,2,Offline,Yes,Yes,2,Intermediate,100,No,No,Yes,Web development,3,Software,Single,No,Family,No,3.4,No,3.29,85,60000,STU1411,100.0,No,Single,Software,Web Development,Good,0,0,Good,0.1823017047068799,0.8176982952931201
2022,Male,19,2020,BCSE,1,No,No,4,2,Offline,Yes,Yes,2,Basic,90,No,No,No,Programming,1,Artificial Intelligence,Relationship,No,Bachelor,No,3.43,No,3.43,14,24000,STU1412,90.0,No,Relationship,Artificial Intelligence,Programming,Good,0,0,Good,0.082833307745137,0.917166692254863
2021,Female,21,2020,BCSE,2,Yes,No,4,2,Offline,Yes,No,2,Intermediate,100,No,No,Yes,Programming,12,Software,Single,Yes,Bachelor,No,3.7,No,3.7,11,30000,STU1413,100.0,No,Single,Software,Programming,Good,0,0,Good,0.16855315313479788,0.8314468468652021
2020,Male,22,2019,BCSE,6,No,Yes,4,3,Offline,Yes,Yes,4,Advance,85,No,No,Yes,Programming,3,Data Science,Relationship,No,Family,No,3.02,No,3.2,70,20000,STU1414,85.0,No,Relationship,Data Science,Programming,At Risk,1,1,At Risk,0.8013126408183433,0.8013126408183433
2021,Male,20,2020,BCSE,3,No,Yes,2,1,Offline,Yes,Yes,3,Basic,90,No,No,No,Web development,2,Software,Single,No,Bachelor,No,3.48,No,2.98,23,20000,STU1415,90.0,No,Single,Software,Web Development,At Risk,1,1,At Risk,0.6970012663627209,0.6970012663627209
2022,Male,20,2020,BCSE,2,Yes,No,3,2,Offline,Yes,Yes,2,Advance,90,No,No,Yes,Programming,2,Software,Single,Yes,Bachelor,No,3.53,No,3.53,13,40000,STU1416,90.0,No,Single,Software,Programming,Good,0,0,Good,0.2124175447973161,0.7875824552026839
2020,Female,19,2019,BCSE,8,Yes,Yes,4,1,Offline,Yes,Yes,2,Advance,90,No,No,No,Programming,3,Data Science,Single,No,Bachelor,No,3.06,No,3.41,87,30000,STU1417,90.0,No,Single,Data Science,Programming,Good,0,0,Good,0.15262324215869763,0.8473767578413024
2021,Male,20,2020,BCSE,2,No,No,2,1,Offline,Yes,Yes,3,Basic,100,Yes,No,Yes,Web development,1,Software,Single,No,Bachelor,No,3.9,No,3.9,11,20000,STU1418,100.0,No,Single,Software,Web Development,Good,0,0,Good,0.17839701433318456,0.8216029856668154
2022,Female,20,2018,BCSE,1,No,No,2,2,Offline,Yes,No,4,Intermediate,95,No,No,Yes,Networking,0,Software,Single,No,Bachelor,Yes,0.0,No,0.0,0,50000,STU1419,95.0,Yes,Single,Software,Networking,At Risk,1,1,At Risk,0.9479196449784476,0.9479196449784476
2019,Female,20,2019,BCSE,9,No,Yes,3,3,Offline,Yes,Yes,1,Intermediate,99,No,No,No,Web development,4,Software,Single,Yes,Family,No,3.19,No,3.37,101,40000,STU1420,99.0,No,Single,Software,Web Development,Good,0,0,Good,0.1938707739218524,0.8061292260781476
2022,Female,21,2020,BCSE,2,No,No,4,2,Online,Yes,Yes,2,Basic,95,Yes,No,Yes,Programming,4,Software,Single,Yes,Bachelor,Yes,0.13,No,0.13,11,30000,STU1421,95.0,Yes,Single,Software,Programming,At Risk,1,1,At Risk,0.887,0.887
2022,Female,22,2020,BCSE,2,Yes,No,4,1,Offline,Yes,Yes,2,Basic,98,No,No,No,Programming,2,Artificial Intelligence,Engaged,No,Bachelor,Yes,3.05,No,3.05,11,20000,STU1422,98.0,Yes,Engaged,Artificial Intelligence,Programming,At Risk,1,1,At Risk,0.8303982227932417,0.8303982227932417
2022,Female,21,2020,BCSE,1,No,Yes,3,2,Offline,Yes,Yes,1,Advance,99,No,No,Yes,Programming,1,Software,Single,Yes,Family,No,4.0,No,4.0,11,80000,STU1423,99.0,No,Single,Software,Programming,Good,0,0,Good,0.15701654407597043,0.8429834559240296
2021,Female,20,2020,BCSE,2,Yes,No,4,1,Offline,Yes,Yes,3,Intermediate,98,No,No,Yes,Programming,3,Software,Married,Yes,Family,No,3.75,No,3.75,11,60000,STU1424,98.0,No,Married,Software,Programming,Good,0,0,Good,0.2138470601295488,0.7861529398704512
2021,Male,22,2019,BCSE,2,Yes,No,3,3,Offline,Yes,Yes,2,Intermediate,90,No,No,No,Web development,4,Software,Relationship,No,Bachelor,No,3.33,No,3.33,12,20000,STU1425,90.0,No,Relationship,Software,Web Development,Good,0,0,Good,0.09306797962124688,0.9069320203787531
2021,Male,20,2020,BCSE,3,Yes,No,4,1,Online,Yes,Yes,1,Basic,80,Yes,No,Yes,Web development,2,NETWORKING,Single,Yes,Bachelor,No,2.81,Yes,2.81,35,40000,STU1426,80.0,No,Single,Networking,Web Development,At Risk,1,1,At Risk,0.8331716538821803,0.8331716538821803
2022,Male,21,2019,BCSE,2,Yes,No,3,3,Offline,Yes,Yes,4,Intermediate,90,Yes,No,Yes,Data entry,0,Software,Single,Yes,Bachelor,Yes,2.18,No,2.08,11,35000,STU1427,90.0,Yes,Single,Software,Data Entry,At Risk,1,1,At Risk,0.94470245215311,0.94470245215311
2022,Male,21,2020,BCSE,1,No,Yes,4,2,Offline,Yes,Yes,1,Intermediate,100,No,No,Yes,Communication,2,Software,Single,No,Family,No,0.0,No,0.0,0,30000,STU1428,100.0,No,Single,Software,Communication,At Risk,1,1,At Risk,0.9631556722689075,0.9631556722689075
2020,Male,23,2018,BCSE,8,No,Yes,0,3,Offline,Yes,No,3,Intermediate,70,No,No,No,Web development,6,Software,Single,No,Family,No,3.7,No,3.75,70,20000,STU1429,70.0,No,Single,Software,Web Development,Good,0,0,Good,0.2447480825193731,0.7552519174806269
2018,Female,24,2016,BCSE,13,No,No,2,1,Online,Yes,Yes,1,Intermediate,90,No,No,Yes,Networking,2,Hardware,Engaged,No,Bachelor,Yes,3.62,No,3.0,140,62488,STU1430,90.0,Yes,Engaged,Hardware,Networking,At Risk,1,1,At Risk,0.7670383087550365,0.7670383087550365
2022,Male,20,2020,BCSE,3,No,Yes,2,2,Offline,Yes,Yes,3,Basic,87,No,No,Yes,Programming,1,Software,Single,No,Family,Yes,3.18,Yes,3.18,11,35000,STU1431,87.0,Yes,Single,Software,Programming,At Risk,1,1,At Risk,0.5394385167998239,0.5394385167998239
2022,Female,21,2020,BCSE,1,Yes,Yes,3,2,Online,Yes,No,8,Basic,98,No,No,No,Programming,1,Software,Single,Yes,Family,Yes,3.55,Yes,3.59,11,100000,STU1432,98.0,Yes,Single,Software,Programming,Good,0,0,Good,0.09071124015443992,0.9092887598455601
2020,Male,23,2020,BCSE,3,Yes,No,4,2,Offline,Yes,Yes,2,Basic,100,No,No,No,Web development,6,Software,Single,Yes,Bachelor,No,3.58,No,3.75,23,15000,STU1433,100.0,No,Single,Software,Web Development,Good,0,0,Good,0.14722229944134102,0.852777700558659
2022,Male,22,2020,BCSE,2,Yes,No,2,1,Offline,Yes,Yes,8,Basic,90,No,No,No,Programming,3,Software,Single,No,Bachelor,Yes,3.88,No,3.88,12,10000,STU1434,90.0,Yes,Single,Software,Programming,Good,0,0,Good,0.14352422113548471,0.8564757788645153
2022,Male,20,2020,BCSE,2,Yes,No,2,1,Offline,Yes,Yes,10,Basic,90,No,No,No,Programming,3,Software,Single,No,Bachelor,No,3.0,No,3.0,12,30000,STU1435,90.0,No,Single,Software,Programming,At Risk,1,1,At Risk,0.7654345631998352,0.7654345631998352
2022,Male,20,2020,BCSE,2,Yes,No,4,2,Offline,Yes,Yes,1,Intermediate,95,No,Yes,Yes,Programming,2,Software,Single,Yes,Bachelor,No,4.0,No,4.0,11,40000,STU1436,95.0,No,Single,Software,Programming,Good,0,0,Good,0.21614206866189561,0.7838579313381044
2022,Male,22,2016,BCSE,2,Yes,Yes,2,2,Online,Yes,Yes,1,Basic,80,No,No,Yes,Programming,3,NETWORKING,Relationship,Yes,Family,No,3.97,No,3.97,11,30000,STU1437,80.0,No,Relationship,Networking,Programming,Good,0,0,Good,0.16072360031979255,0.8392763996802075
2021,Male,22,2020,BCSE,3,Yes,Yes,3,2,Online,Yes,Yes,1,Intermediate,75,No,No,Yes,Programming,2,Software,Single,Yes,Bachelor,No,3.79,No,3.69,25,100000,STU1438,75.0,No,Single,Software,Programming,Good,0,0,Good,0.17503055540432336,0.8249694445956767
2019,Male,22,2018,BCSE,11,No,No,6,2,Offline,Yes,Yes,2,Intermediate,90,Yes,No,Yes,Web development,2,Software,Relationship,No,Bachelor,No,2.96,No,2.89,111,50000,STU1439,90.0,No,Relationship,Software,Web Development,At Risk,1,1,At Risk,0.86733433380561,0.86733433380561
2021,Male,21,2020,BCSE,5,Yes,No,5,1,Offline,No,Yes,3,Intermediate,88,No,No,Yes,Web development,3,Software,Single,Yes,Bachelor,Yes,3.77,No,3.86,49,30000,STU1440,88.0,Yes,Single,Software,Web Development,Good,0,0,Good,0.1504014894202495,0.8495985105797506
2019,Male,25,2017,BCSE,11,No,No,1,1,Offline,Yes,Yes,1,Intermediate,90,No,No,No,Web development,4,Software,Single,No,Family,No,3.44,No,3.48,124,50000,STU1441,90.0,No,Single,Software,Web Development,Good,0,0,Good,0.18951892791022407,0.8104810720897759
2022,Male,19,2021,BCSE,1,Yes,No,4,3,Offline,Yes,Yes,3,Advance,100,No,No,Yes,Web development,1,Software,Single,No,Bachelor,Yes,0.0,No,0.0,0,40000,STU1442,100.0,Yes,Single,Software,Web Development,At Risk,1,1,At Risk,0.9591904761904764,0.9591904761904764
2021,Female,21,2019,BCSE,3,Yes,Yes,2,2,Online,Yes,Yes,2,Intermediate,85,No,No,Yes,Programming,1,Software,Single,No,Family,No,3.56,No,3.66,23,25000,STU1443,85.0,No,Single,Software,Programming,Good,0,0,Good,0.16920417234010215,0.8307958276598979
2020,Male,19,2019,BCSE,2,Yes,Yes,3,2,Offline,Yes,Yes,1,Basic,100,No,No,Yes,Programming,1,Software,Single,No,Family,No,3.56,No,3.56,12,40000,STU1444,100.0,No,Single,Software,Programming,Good,0,0,Good,0.1357089162669136,0.8642910837330864
2021,Female,22,2020,BCSE,4,Yes,Yes,5,2,Offline,Yes,Yes,2,Intermediate,88,No,No,Yes,Programming,3,Software,Single,Yes,Family,No,2.48,No,2.74,23,35000,STU1445,88.0,No,Single,Software,Programming,At Risk,1,1,At Risk,0.8079905735597944,0.8079905735597944
2022,Female,20,2020,BCSE,1,Yes,Yes,0,2,Online,Yes,Yes,3,Basic,97,No,No,No,No skills,1,Software,Single,No,Family,Yes,0.0,Yes,0.0,0,35000,STU1446,97.0,Yes,Single,Software,None / Developing,At Risk,1,1,At Risk,0.9384999999999999,0.9384999999999999
2022,Male,20,2020,BCSE,2,Yes,Yes,1,1,Online,Yes,Yes,5,Basic,80,Yes,No,No,No Skill,0,Software,Single,No,Family,No,3.25,No,3.2,11,40000,STU1447,80.0,No,Single,Software,None / Developing,At Risk,1,1,At Risk,0.7758665874244435,0.7758665874244435
2022,Male,19,2021,BCSE,1,Yes,No,4,2,Offline,Yes,Yes,5,Basic,85,No,No,Yes,No Skill,0,Software,Single,Yes,Bachelor,No,0.0,No,0.0,0,50000,STU1448,85.0,No,Single,Software,None / Developing,At Risk,1,1,At Risk,0.978446524064171,0.978446524064171
2021,Male,22,2019,BCSE,4,Yes,No,2,1,Offline,Yes,Yes,3,Intermediate,80,No,No,Yes,Programming,2,Data Science,Single,Yes,Family,No,3.7,No,3.4,39,50000,STU1449,80.0,No,Single,Data Science,Programming,Good,0,0,Good,0.23715710145526928,0.7628428985447308
2021,Female,20,2020,BCSE,4,Yes,No,1,1,Offline,Yes,No,2,Intermediate,100,No,No,No,Programming,0,Data Science,Single,No,Family,No,3.38,No,3.58,25,80000,STU1450,100.0,No,Single,Data Science,Programming,Good,0,0,Good,0.16984864007326317,0.8301513599267368
2021,Male,21,2019,BCSE,4,Yes,No,1,2,Online,Yes,Yes,2,Intermediate,80,No,No,Yes,Web development,4,Software,Single,Yes,Bachelor,No,3.78,No,3.9,49,40000,STU1451,80.0,No,Single,Software,Web Development,Good,0,0,Good,0.14315056162178888,0.8568494383782111
2019,Female,24,2016,BCSE,10,No,No,4,2,Offline,Yes,Yes,3,Intermediate,95,No,No,Yes,Programming,2,Machine Learning,Single,No,Bachelor,No,3.4,No,3.5,106,20000,STU1452,95.0,No,Single,Machine Learning,Programming,Good,0,0,Good,0.23506145345556884,0.7649385465444312
2019,Male,24,2017,BCSE,10,No,No,2,1,Offline,Yes,Yes,3,Intermediate,80,No,No,Yes,Programming,5,Software,Single,Yes,Family,No,2.58,No,2.93,106,65000,STU1453,80.0,No,Single,Software,Programming,At Risk,1,1,At Risk,0.6747012236283311,0.6747012236283311
2020,Male,21,2019,BCSE,8,No,No,1,1,Online,Yes,Yes,1,Advance,85,No,No,Yes,Web development,1,NETWORKING,Relationship,No,Bachelor,Yes,3.96,No,3.7,85,25000,STU1454,85.0,Yes,Relationship,Networking,Web Development,Good,0,0,Good,0.3993741780536172,0.6006258219463828
2021,Female,21,2020,BCSE,3,Yes,Yes,3,2,Offline,Yes,Yes,2,Intermediate,88,No,No,No,Programming,2,Software,Single,No,Family,No,3.58,No,3.76,25,40000,STU1455,88.0,No,Single,Software,Programming,Good,0,0,Good,0.18376566294737515,0.8162343370526248
2021,Male,20,2020,BCSE,3,Yes,No,2,2,Online,Yes,Yes,4,Intermediate,99,No,No,Yes,Programming,2,Software,Relationship,Yes,Bachelor,No,3.79,No,3.91,23,50000,STU1456,99.0,No,Relationship,Software,Programming,Good,0,0,Good,0.22460076060778986,0.7753992393922101
2021,Male,21,2019,BCSE,5,No,No,1,2,Offline,Yes,Yes,1,Intermediate,94-98,No,Yes,Yes,Programming,1,Hardware,Single,Yes,Bachelor,No,2.17,No,3.06,44,15000,STU1457,96.0,No,Single,Hardware,Programming,At Risk,1,1,At Risk,0.7268776754923124,0.7268776754923124
2021,Male,22,2020,BCSE,4,Yes,No,3,2,Offline,Yes,Yes,2,Intermediate,90,Yes,No,Yes,Web development,4,Software,Single,No,Bachelor,No,1.12,No,1.88,32,60000,STU1458,90.0,No,Single,Software,Web Development,At Risk,1,1,At Risk,0.9524285714285715,0.9524285714285715
2021,Female,21,2019,BCSE,3,Yes,Yes,4,3,Online,Yes,Yes,1,Intermediate,99,No,No,No,Programming,2,Software,Single,No,Family,No,3.72,No,3.67,25,35000,STU1459,99.0,No,Single,Software,Programming,Good,0,0,Good,0.1330109831825459,0.8669890168174541
2022,Male,20,2020,BCSE,2,No,No,5,3,Offline,Yes,No,1,Basic,88,No,No,Yes,Programming,2,Software,Single,Yes,Family,No,3.55,No,3.55,11,35000,STU1460,88.0,No,Single,Software,Programming,Good,0,0,Good,0.10183328519387899,0.898166714806121
2020,Female,22,2018,BCSE,8,No,No,4,2,Offline,Yes,Yes,2,Intermediate,98,No,No,No,Programming,2,Software,Single,No,Family,No,2.83,No,2.82,65,25000,STU1461,98.0,No,Single,Software,Programming,At Risk,1,1,At Risk,0.5369434997590897,0.5369434997590897
2022,Female,20,2020,BCSE,2,Yes,Yes,2,1,Offline,Yes,Yes,2,Basic,95,No,No,Yes,Networking,1,Software,Single,No,Family,Yes,3.88,No,3.88,11,35000,STU1462,95.0,Yes,Single,Software,Networking,Good,0,0,Good,0.1784045796986597,0.8215954203013403
2022,Male,21,2020,BCSE,2,Yes,No,1,1,Offline,Yes,Yes,4,Intermediate,90,No,No,No,Networking,2,Machine Learning,Single,Yes,Bachelor,Yes,4.0,No,4.0,12,25000,STU1463,90.0,Yes,Single,Machine Learning,Networking,Good,0,0,Good,0.21721195454720427,0.7827880454527958
2020,Female,21,2019,BCSE,8,No,Yes,3,1,Offline,Yes,Yes,3,Intermediate,97,No,No,No,Web development,1,Data Science,Single,Yes,Family,No,3.0,No,3.66,87,150000,STU1464,97.0,No,Single,Data Science,Web Development,Good,0,0,Good,0.23613240800015414,0.7638675919998459
2018,Male,26,2018,BCSE,12,No,Yes,8,2,Online,Yes,Yes,2,Intermediate,90,Yes,Yes,Yes,Web development,5,Software,Single,Yes,Bachelor,No,2.44,No,2.44,90,20000,STU1465,90.0,No,Single,Software,Web Development,At Risk,1,1,At Risk,0.9908508158508158,0.9908508158508158
2021,Male,21,2020,BCSE,3,Yes,No,4,2,Offline,Yes,Yes,1,Intermediate,98,No,No,Yes,Web development,1,Software,Single,No,Family,No,2.82,No,3.0,23,25000,STU1466,98.0,No,Single,Software,Web Development,At Risk,1,1,At Risk,0.6778024151441351,0.6778024151441351
2022,Female,21,2019,BCSE,2,Yes,Yes,2,2,Offline,Yes,Yes,1,Intermediate,100,No,No,No,Programming,2,Software,Single,No,Family,No,3.9,No,3.9,11,50000,STU1467,100.0,No,Single,Software,Programming,Good,0,0,Good,0.1708884025759804,0.8291115974240196
2022,Male,21,2020,BCSE,2,Yes,No,5,1,Online,Yes,Yes,12,Basic,98,No,No,Yes,Programming,2,Software,Single,Yes,Bachelor,Yes,3.33,No,3.33,12,62488,STU1468,98.0,Yes,Single,Software,Programming,Good,0,0,Good,0.1827490943433339,0.8172509056566661
2022,Female,20,2020,BCSE,2,No,No,3,3,Offline,Yes,Yes,2,Basic,97,No,No,Yes,Programming,2,Software,Single,Yes,Bachelor,No,3.7,No,3.7,11,35000,STU1469,97.0,No,Single,Software,Programming,Good,0,0,Good,0.1893344067810965,0.8106655932189035
2022,Male,20,2020,BCSE,2,Yes,Yes,4,2,Offline,Yes,No,3,Intermediate,90,No,No,Yes,Web development,1,Software,Single,Yes,Family,No,3.98,No,3.98,11,25000,STU1470,90.0,No,Single,Software,Web Development,Good,0,0,Good,0.27427276176050175,0.7257272382394983
2022,Female,21,2020,BCSE,1,Yes,No,2,2,Offline,Yes,No,1,Basic,100,No,No,No,Web development,1,Software,Single,No,Bachelor,No,3.4,No,3.8,11,60000,STU1471,100.0,No,Single,Software,Web Development,Good,0,0,Good,0.09768828184663833,0.9023117181533616
2022,Male,22,2019,BCSE,2,Yes,Yes,1,1,Online,Yes,Yes,2,Intermediate,70,No,No,Yes,Programming,1,Software,Single,Yes,Family,No,3.81,No,3.81,11,400000,STU1472,70.0,No,Single,Software,Programming,Good,0,0,Good,0.13892245595436026,0.8610775440456397
2022,Female,23,2021,BCSE,2,Yes,Yes,1,2,Offline,Yes,No,3,Intermediate,90,No,No,No,Web development,0,Software,Engaged,Yes,Family,Yes,3.97,No,3.97,11,25000,STU1473,90.0,Yes,Engaged,Software,Web Development,Good,0,0,Good,0.10078798063355766,0.8992120193664423
2022,Male,20,2020,BCSE,2,Yes,Yes,8,2,Offline,Yes,Yes,8,Basic,90,No,No,No,Programming,2,Software,Single,Yes,Bachelor,No,3.33,No,3.33,12,30000,STU1474,90.0,No,Single,Software,Programming,Good,0,0,Good,0.23578031194246787,0.7642196880575322
2021,Female,21,2020,BCSE,3,Yes,No,3,1,Offline,Yes,No,3,Intermediate,70,No,No,Yes,Programming,5,Software,Single,No,Family,Yes,2.68,No,2.89,23,15000,STU1475,70.0,Yes,Single,Software,Programming,At Risk,1,1,At Risk,0.7543428114590944,0.7543428114590944
2021,Female,20,2019,BCSE,2,No,No,3,2,Online,Yes,No,2,Intermediate,95,No,No,Yes,Programming,1,Software,Single,No,Bachelor,Yes,3.84,No,3.84,11,30000,STU1476,95.0,Yes,Single,Software,Programming,Good,0,0,Good,0.15776874698549054,0.8422312530145095
2021,Female,20,2016,BCSE,3,Yes,No,2,1,Offline,Yes,No,1,Advance,75,No,No,Yes,Programming,1,NETWORKING,Single,Yes,Family,No,3.54,No,3.69,25,20000,STU1477,75.0,No,Single,Networking,Programming,Good,0,0,Good,0.12064239922414562,0.8793576007758543
2021,Male,21,2020,BCSE,3,No,No,2,2,Offline,Yes,Yes,3,Intermediate,88,No,No,Yes,Programming,2,Software,Single,No,Bachelor,No,1.78,No,3.15,20,25000,STU1478,88.0,No,Single,Software,Programming,At Risk,1,1,At Risk,0.7959614164009261,0.7959614164009261
2021,Male,19,2020,BCSE,3,Yes,Yes,2,1,Offline,Yes,Yes,3,Intermediate,90,No,No,No,Programming,1,NETWORKING,Single,Yes,Family,Yes,2.32,No,2.8,24,35000,STU1479,90.0,Yes,Single,Networking,Programming,At Risk,1,1,At Risk,0.8134753869006424,0.8134753869006424
2022,Male,20,2020,BCSE,2,Yes,No,3,1,Offline,Yes,Yes,3,Basic,90,No,No,No,Programming,2,Software,Single,No,Bachelor,No,4.0,No,4.0,11,50000,STU1480,90.0,No,Single,Software,Programming,Good,0,0,Good,0.15579350509700804,0.8442064949029919
2022,Male,22,2019,BCSE,1,No,No,2,2,Online,Yes,Yes,2,Intermediate,95,No,No,Yes,"videography, video editing",2,Software,Single,Yes,Family,Yes,0.0,No,0.0,0,62488,STU1481,95.0,Yes,Single,Software,"Videography, Video Editing",At Risk,1,1,At Risk,0.8760972587116879,0.8760972587116879
2022,Male,20,2020,BCSE,2,No,No,5,2,Offline,Yes,Yes,1,Basic,90,No,No,Yes,Programming,2,Software,Single,No,Bachelor,No,3.8,No,3.8,12,20000,STU1482,90.0,No,Single,Software,Programming,Good,0,0,Good,0.13828481299995704,0.861715187000043
2021,Male,22,2019,BCSE,5,No,Yes,0,0,Online,Yes,Yes,3,Basic,100,No,No,No,Web development,6,Software,Single,No,Family,No,2.08,No,2.91,49,30000,STU1483,100.0,No,Single,Software,Web Development,At Risk,1,1,At Risk,0.8480850185290518,0.8480850185290518
2022,Male,20,2020,BCSE,2,No,No,2,3,Offline,Yes,No,1,Basic,95,No,No,Yes,Programming,2,Software,Single,Yes,Bachelor,No,3.05,No,3.05,12,25000,STU1484,95.0,No,Single,Software,Programming,At Risk,1,1,At Risk,0.6674995987497907,0.6674995987497907
2022,Male,21,2020,BCSE,2,Yes,Yes,3,2,Online,Yes,Yes,5,Advance,90,No,No,Yes,Programming,0,Software,Single,Yes,Family,No,3.45,No,3.45,12,30000,STU1485,90.0,No,Single,Software,Programming,Good,0,0,Good,0.20066248020428248,0.7993375197957175
2022,Female,19,2020,BCSE,1,No,Yes,1,2,Offline,Yes,No,3,Basic,98,No,No,No,No skills,2,Software,Single,No,Family,No,0.0,No,0.0,0,20000,STU1486,98.0,No,Single,Software,None / Developing,At Risk,1,1,At Risk,0.9481168831168831,0.9481168831168831
2022,Male,20,2020,BCSE,1,Yes,Yes,4,2,Offline,Yes,Yes,3,Basic,96,Yes,Yes,Yes,Programming,2,Software,Single,No,Bachelor,No,2.73,No,2.73,12,20000,STU1487,96.0,No,Single,Software,Programming,At Risk,1,1,At Risk,0.9217404159414468,0.9217404159414468
2018,Male,22,2018,BCSE,11,No,No,1,1,Offline,Yes,Yes,2,Intermediate,80,No,No,Yes,Web development,3,Software,Single,Yes,Bachelor,No,3.2,No,3.29,132,40000,STU1488,80.0,No,Single,Software,Web Development,Good,0,0,Good,0.3252004564561387,0.6747995435438613
2019,Female,20,2019,BCSE,8,Yes,No,6,2,Offline,Yes,Yes,2,Intermediate,100,No,No,Yes,Web development,2,Software,Single,Yes,Family,No,3.96,No,3.94,85,100000,STU1489,100.0,No,Single,Software,Web Development,Good,0,0,Good,0.10764540504102621,0.8923545949589737
2020,Male,22,2019,BCSE,7,Yes,Yes,0,2,Offline,Yes,Yes,6,Intermediate,60,No,No,No,Nothing properly,0,Software,Single,No,Family,No,3.56,No,3.69,87,40000,STU1490,60.0,No,Single,Software,None / Developing,Good,0,0,Good,0.16887962366095796,0.831120376339042
2022,Male,23,2019,BCSE,1,Yes,Yes,2,1,Offline,Yes,Yes,8,Basic,100,No,No,No,Networking,1,Software,Single,No,Family,No,0.0,No,0.0,0,40000,STU1491,100.0,No,Single,Software,Networking,At Risk,1,1,At Risk,0.9268252164502165,0.9268252164502165
2022,Female,19,2020,BCSE,2,Yes,Yes,2,1,Offline,Yes,Yes,1,Basic,100,No,No,No,Programming,1,Software,Single,Yes,Family,No,3.89,No,3.89,11,70000,STU1492,100.0,No,Single,Software,Programming,Good,0,0,Good,0.12758013883077485,0.8724198611692251
2022,Female,20,2020,BCSE,1,Yes,Yes,2,1,Offline,Yes,No,7,Intermediate,100,No,No,Yes,Networking,1,Software,Single,Yes,Family,No,0.0,No,0.0,0,15000,STU1493,100.0,No,Single,Software,Networking,At Risk,1,1,At Risk,0.9643630952380953,0.9643630952380953
2021,Female,26,2014,BCSE,3,Yes,No,4,3,Offline,Yes,Yes,3,Basic,50,No,No,No,Programming,1,Software,Married,No,Family,No,3.89,No,3.36,23,80000,STU1494,50.0,No,Married,Software,Programming,Good,0,0,Good,0.16898760256274076,0.8310123974372592
2022,Male,20,2020,BCSE,2,Yes,Yes,3,1,Offline,Yes,Yes,2,Basic,10,No,No,No,Programming,1,Cyber Security,Single,No,Family,No,3.68,No,3.68,14,24000,STU1495,10.0,No,Single,Cyber Security,Programming,Good,0,0,Good,0.12927868077663615,0.8707213192233638
2022,Male,19,2020,BCSE,1,Yes,Yes,1,2,Online,Yes,Yes,3,Intermediate,100,No,No,Yes,,2,Software,Single,No,Family,No,0.0,No,0.0,0,20000,STU1496,100.0,No,Single,Software,None / Not Specified,At Risk,1,1,At Risk,0.9598972431077695,0.9598972431077695
2022,Male,19,2020,BCSE,2,Yes,Yes,5,2,Offline,Yes,Yes,2,Intermediate,98,Yes,No,Yes,Programming,2,Software,Single,Yes,Family,No,2.93,No,2.93,11,35000,STU1497,98.0,No,Single,Software,Programming,At Risk,1,1,At Risk,0.8620780175565552,0.8620780175565552
2022,Male,20,2020,BCSE,2,Yes,No,4,3,Online,Yes,Yes,2,Basic,100,No,No,No,Programming,2,Software,Single,No,Family,No,3.81,No,3.81,12,50000,STU1498,100.0,No,Single,Software,Programming,Good,0,0,Good,0.0992160229350692,0.9007839770649309
2021,Female,19,2020,BCSE,2,No,Yes,3,2,Offline,Yes,No,2,Intermediate,98,No,No,No,Programming,1,Software,Single,No,Family,Yes,3.37,Yes,3.37,11,25000,STU1499,98.0,Yes,Single,Software,Programming,Good,0,0,Good,0.16584289948367348,0.8341571005163265
2022,Male,19,2020,BCSE,2,Yes,No,3,1,Offline,Yes,Yes,3,Intermediate,100,Yes,No,Yes,Programming,1,confuse,Married,No,Family,No,3.25,No,3.25,10,62488,STU1500,100.0,No,Married,Confuse,Programming,Good,0,0,Good,0.26443395344520626,0.7355660465547937
2022,Male,20,2020,BCSE,2,Yes,No,3,2,Online,Yes,Yes,3,Basic,85,No,No,No,Programming,2,Artificial Intelligence,Single,No,Family,No,2.89,No,2.89,11,30000,STU1501,85.0,No,Single,Artificial Intelligence,Programming,At Risk,1,1,At Risk,0.640737884037749,0.640737884037749
2022,Male,22,2019,BCSE,2,No,No,2,1,Offline,Yes,Yes,3,Basic,95,Yes,No,No,Web development,1,Software,Engaged,Yes,Bachelor,Yes,1.45,No,1.45,11,40000,STU1502,95.0,Yes,Engaged,Software,Web Development,At Risk,1,1,At Risk,0.9645119617224881,0.9645119617224881
2022,Male,20,2020,BCSE,2,No,Yes,2,2,Offline,Yes,No,4,Intermediate,98,No,No,Yes,No skill,2,Software,Single,No,Family,No,3.73,No,3.73,11,35000,STU1503,98.0,No,Single,Software,None / Developing,Good,0,0,Good,0.1831670141184481,0.816832985881552
2022,Male,20,2020,BCSE,2,Yes,No,2,2,Offline,Yes,Yes,1,Intermediate,92,No,No,No,Web development,4,Software,Single,No,Bachelor,No,3.18,No,3.18,11,25000,STU1504,92.0,No,Single,Software,Web Development,At Risk,1,1,At Risk,0.7303000538287491,0.7303000538287491
2018,Female,22,2017,BCSE,12,No,Yes,5,2,Offline,Yes,Yes,4,Intermediate,99,No,No,No,Web development,1,Software,Single,Yes,Family,No,3.5,No,3.7,100,30000,STU1505,99.0,No,Single,Software,Web Development,Good,0,0,Good,0.372289594863658,0.627710405136342
2022,Male,19,2020,BCSE,2,Yes,No,1,1,Online,Yes,Yes,2,Basic,90,Yes,No,No,Programming,1,Software,Single,No,Bachelor,Yes,2.9,No,2.9,11,60000,STU1506,90.0,Yes,Single,Software,Programming,At Risk,1,1,At Risk,0.9086766917293232,0.9086766917293232
2022,Male,18,2020,BCSE,2,Yes,No,6,3,Offline,Yes,Yes,2,Basic,95,No,No,Yes,Web development,2,Software,Single,No,Family,No,3.48,No,3.48,12,25000,STU1507,95.0,No,Single,Software,Web Development,Good,0,0,Good,0.12620646001756508,0.8737935399824349
2022,Male,20,2020,BCSE,2,Yes,No,3,2,Offline,Yes,Yes,4,Basic,95,Yes,No,No,Web development,3,Web developing,Single,No,Family,No,3.6,No,3.6,11,25000,STU1508,95.0,No,Single,Web Development,Web Development,Good,0,0,Good,0.15505137357443796,0.844948626425562
2021,Male,21,2019,BCSE,2,No,No,2,3,Online,Yes,Yes,2,Basic,90,No,No,Yes,Web development,4,Software,Single,No,Bachelor,No,3.13,No,3.17,11,40000,STU1509,90.0,No,Single,Software,Web Development,At Risk,1,1,At Risk,0.692800635257493,0.692800635257493
2021,Male,21,2019,BCSE,2,Yes,No,3,2,Online,Yes,Yes,2,Basic,90,Yes,No,Yes,Programming,2,Software,Single,No,Bachelor,No,1.42,No,1.42,5,50000,STU1510,90.0,No,Single,Software,Programming,At Risk,1,1,At Risk,0.9837777777777778,0.9837777777777778
2022,Male,19,2020,BCSE,2,Yes,Yes,2,1,Offline,Yes,Yes,1,Intermediate,88,No,No,Yes,Web development,2,Software,Single,No,Family,No,3.13,No,3.13,11,40000,STU1511,88.0,No,Single,Software,Web Development,At Risk,1,1,At Risk,0.7438512228817504,0.7438512228817504
2022,Male,20,2020,BCSE,2,Yes,No,3,2,Online,Yes,Yes,2,Intermediate,100,No,No,Yes,Programming,1,Software,Single,No,Bachelor,No,3.85,No,3.85,12,30000,STU1512,100.0,No,Single,Software,Programming,Good,0,0,Good,0.13095655415641136,0.8690434458435886
2022,Male,21,2020,BCSE,2,Yes,Yes,4,2,Online,Yes,Yes,1,Intermediate,100,No,No,Yes,Programming,1,Software,Single,Yes,Family,Yes,3.6,No,3.6,11,35000,STU1513,100.0,Yes,Single,Software,Programming,Good,0,0,Good,0.1709805624133848,0.8290194375866152
2022,Female,18,2020,BCSE,2,Yes,No,2,2,Online,Yes,Yes,1,Intermediate,100,No,No,Yes,Programming,1,Software,Single,Yes,Family,No,3.54,No,3.54,11,14000,STU1514,100.0,No,Single,Software,Programming,Good,0,0,Good,0.1286719845705874,0.8713280154294126
2022,Male,20,2020,BCSE,2,Yes,No,1,1,Offline,Yes,Yes,4,Basic,88,No,No,No,Programming,3,Software,Single,No,Bachelor,No,3.54,No,3.55,11,62488,STU1515,88.0,No,Single,Software,Programming,Good,0,0,Good,0.1303283751197835,0.8696716248802165
2022,Male,19,2020,BCSE,2,No,No,3,2,Online,Yes,Yes,4,Intermediate,95,Yes,No,No,Programming,6,Software,Single,No,Bachelor,No,2.1,No,2.1,12,10000,STU1516,95.0,No,Single,Software,Programming,At Risk,1,1,At Risk,0.9366654821132433,0.9366654821132433
2022,Male,20,2020,BCSE,2,Yes,No,3,2,Offline,Yes,Yes,5,Basic,90,No,No,Yes,Programming,1,Software,Single,Yes,Bachelor,No,2.5,No,2.5,12,25000,STU1517,90.0,No,Single,Software,Programming,At Risk,1,1,At Risk,0.8050351151353331,0.8050351151353331
2019,Male,24,2017,BCSE,11,Yes,No,7,1,Offline,Yes,Yes,1,Intermediate,90,No,No,No,Web development,5,Software,Relationship,Yes,Bachelor,No,3.31,No,3.76,139,30000,STU1518,90.0,No,Relationship,Software,Web Development,Good,0,0,Good,0.026518136983721064,0.9734818630162789
2022,Male,21,2020,BCSE,2,No,No,1,2,Online,Yes,Yes,4,Advance,85,No,No,Yes,Cyber security,0,Software,Single,No,Bachelor,No,3.75,No,3.75,12,50000,STU1519,85.0,No,Single,Software,Cyber Security,Good,0,0,Good,0.24327622337215613,0.7567237766278438
2021,Male,21,2020,BCSE,2,Yes,No,6,3,Online,Yes,Yes,2,Intermediate,98,No,No,Yes,Programming,3,Software,Single,No,Bachelor,Yes,3.7,No,3.7,13,25000,STU1520,98.0,Yes,Single,Software,Programming,Good,0,0,Good,0.16642040974801212,0.8335795902519879
2021,Male,21,2020,BCSE,2,No,No,3,3,Online,Yes,Yes,1,Intermediate,97,No,No,Yes,Programming,3,Machine Learning,Single,No,Bachelor,Yes,3.5,No,3.5,13,33000,STU1521,97.0,Yes,Single,Machine Learning,Programming,Good,0,0,Good,0.26330431288235356,0.7366956871176464
2020,Female,20,2019,BCSE,2,Yes,Yes,3,2,Offline,Yes,Yes,4,Basic,90,Yes,No,No,Programming,2,Hardware,Single,No,Family,No,3.7,No,3.7,11,60000,STU1522,90.0,No,Single,Hardware,Programming,Good,0,0,Good,0.17306032503267946,0.8269396749673206
2022,Male,20,2020,BCSE,2,Yes,No,3,1,Offline,Yes,Yes,3,Basic,70,Yes,Yes,Yes,Programming,2,Software,Single,No,Bachelor,No,3.24,No,3.24,11,40000,STU1523,70.0,No,Single,Software,Programming,Good,0,0,Good,0.28306905201722116,0.7169309479827788
2019,Female,22,2018,BCSE,11,No,Yes,2,1,Offline,Yes,Yes,2,Intermediate,99,Yes,No,No,Programming,1,Software,Single,No,Family,No,2.3,No,2.8,113,60000,STU1524,99.0,No,Single,Software,Programming,At Risk,1,1,At Risk,0.7857285950764212,0.7857285950764212
2019,Female,22,2018,BCSE,12,No,No,2,1,Offline,Yes,No,3,Intermediate,70,No,No,No,Web development,2,Machine Learning,Engaged,No,Family,No,3.87,No,3.6,141,70000,STU1525,70.0,No,Engaged,Machine Learning,Web Development,Good,0,0,Good,0.17571689102845123,0.8242831089715488
2020,Male,22,2020,BCSE,3,Yes,Yes,3,2,Offline,Yes,Yes,4,Intermediate,37,No,No,Yes,Programming,1,Artificial Intelligence,Single,Yes,Family,No,3.24,Yes,3.5,27,25000,STU1526,37.0,No,Single,Artificial Intelligence,Programming,Good,0,0,Good,0.42351529035312424,0.5764847096468757
2021,Male,19,2020,BCSE,2,No,No,3,2,Offline,Yes,No,3,Basic,85,No,No,No,Programming,2,Software,Single,No,Family,No,3.65,No,3.65,11,62488,STU1527,85.0,No,Single,Software,Programming,Good,0,0,Good,0.16117423499176753,0.8388257650082325
2021,Male,21,2019,BCSE,3,Yes,No,4,2,Offline,Yes,Yes,3,Intermediate,80,No,No,Yes,Programming,2,Software,Single,Yes,Bachelor,No,3.52,No,3.5,21,25000,STU1528,80.0,No,Single,Software,Programming,Good,0,0,Good,0.19445253180602015,0.8055474681939798
2022,Male,20,2020,BCSE,2,Yes,No,3,1,Offline,Yes,Yes,2,Basic,95,No,No,No,Programming,4,Software,Single,No,Bachelor,No,2.73,No,2.73,11,21000,STU1529,95.0,No,Single,Software,Programming,At Risk,1,1,At Risk,0.8279898401980103,0.8279898401980103
2021,Male,24,2020,BCSE,3,Yes,No,3,2,Offline,Yes,Yes,1,Basic,90,No,No,Yes,Programming,2,Software,Single,No,Family,No,3.79,No,3.88,23,13000,STU1530,90.0,No,Single,Software,Programming,Good,0,0,Good,0.08747696411774783,0.9125230358822521
2019,Female,23,2016,BCSE,11,Yes,No,2,1,Offline,Yes,Yes,2,Basic,70,No,No,No,Nothing,0,Software,Engaged,No,Bachelor,No,3.96,No,3.91,116,30000,STU1531,70.0,No,Engaged,Software,None / Developing,Good,0,0,Good,0.10733944944860284,0.8926605505513971
2022,Female,20,2021,BCSE,2,No,Yes,5,2,Online,Yes,Yes,2,Basic,90,Yes,No,Yes,Web development,1,Software,Single,No,Family,No,3.15,No,3.15,11,60000,STU1532,90.0,No,Single,Software,Web Development,At Risk,1,1,At Risk,0.907888888888889,0.907888888888889
2022,Female,21,2020,BCSE,2,No,Yes,7,2,Offline,Yes,No,1,Intermediate,100,No,No,No,Programming,2,Software,Single,Yes,Family,Yes,3.4,No,3.4,12,15000,STU1533,100.0,Yes,Single,Software,Programming,Good,0,0,Good,0.14770993600497126,0.8522900639950287
2019,Female,22,2018,BCSE,11,No,Yes,2,2,Online,Yes,Yes,1,Intermediate,90,No,No,No,Web development,2,Software,Single,No,Family,No,3.49,No,3.39,126,20000,STU1534,90.0,No,Single,Software,Web Development,Good,0,0,Good,0.21441222089483516,0.7855877791051649
2022,Male,23,2020,BCSE,2,No,Yes,6,2,Online,Yes,Yes,1,Intermediate,100,No,No,No,Programming,2,Software,Single,Yes,Family,No,3.85,No,3.85,12,30000,STU1535,100.0,No,Single,Software,Programming,Good,0,0,Good,0.1115480940307827,0.8884519059692173
2020,Male,21,2018,BCSE,8,No,Yes,4,2,Offline,Yes,Yes,1,Intermediate,90,Yes,No,No,Web development,2,Software,Single,Yes,Family,No,2.02,No,2.4,71,35000,STU1536,90.0,No,Single,Software,Web Development,At Risk,1,1,At Risk,0.965388888888889,0.965388888888889
2021,Female,26,2014,BCSE,3,Yes,No,5,3,Offline,Yes,Yes,3,Basic,50,No,No,No,Programming,2,Software,Married,No,Family,No,3.89,No,3.38,23,80000,STU1537,50.0,No,Married,Software,Programming,Good,0,0,Good,0.18898760256274078,0.8110123974372592
2022,Male,22,2020,BCSE,2,Yes,Yes,2,1,Online,Yes,Yes,2,Intermediate,90,No,No,Yes,Its on learning phase,3,Software,Single,No,Family,No,3.93,No,3.93,12,55000,STU1538,90.0,No,Single,Software,Its On Learning Phase,Good,0,0,Good,0.18475365659457604,0.815246343405424
2021,Female,20,2020,BCSE,2,No,Yes,5,2,Offline,Yes,Yes,2,Basic,99,No,No,No,Programming,1,Machine Learning,Single,No,Family,No,3.9,No,3.9,11,20000,STU1539,99.0,No,Single,Machine Learning,Programming,Good,0,0,Good,0.28292009212006136,0.7170799078799386
2022,Male,20,2020,BCSE,2,Yes,Yes,3,3,Offline,Yes,Yes,3,Intermediate,95,Yes,No,Yes,Programming,1,Software,Single,No,Bachelor,No,3.47,No,3.47,12,30000,STU1540,95.0,No,Single,Software,Programming,Good,0,1,At Risk,0.5058602880928593,0.5058602880928593
2022,Female,20,2019,BCSE,2,No,Yes,2,2,Offline,Yes,Yes,2,Intermediate,90,No,No,Yes,Graphics designing,1,Software,Single,Yes,Family,No,3.7,No,3.7,12,30000,STU1541,90.0,No,Single,Software,Graphics Design,Good,0,0,Good,0.19748918862005066,0.8025108113799493
2022,Male,20,2020,BCSE,2,Yes,Yes,4,1,Offline,Yes,Yes,2,Intermediate,100,No,No,No,Programming,2,Software,Single,Yes,Family,Yes,3.45,No,3.45,11,20000,STU1542,100.0,Yes,Single,Software,Programming,Good,0,0,Good,0.1457168284449014,0.8542831715550986
2022,Male,22,2020,BCSE,2,Yes,Yes,3,2,Offline,Yes,Yes,2,Intermediate,98,Yes,No,Yes,Programming,1,Software,Single,No,Family,No,3.73,No,3.73,11,100000,STU1543,98.0,No,Single,Software,Programming,Good,0,0,Good,0.24909013713080166,0.7509098628691984
2021,Male,21,2019,BCSE,3,Yes,Yes,4,4,Online,Yes,Yes,2,Intermediate,95,No,No,Yes,Web development,3,Software,Single,Yes,Bachelor,Yes,3.73,Yes,3.68,26,35000,STU1544,95.0,Yes,Single,Software,Web Development,Good,0,0,Good,0.15354685653300537,0.8464531434669946
2022,Female,22,2020,BCSE,2,Yes,Yes,3,2,Online,Yes,Yes,1,Intermediate,95,No,No,Yes,Programming,2,Software,Single,No,Bachelor,No,3.65,No,3.65,11,20000,STU1545,95.0,No,Single,Software,Programming,Good,0,0,Good,0.14064964609588151,0.8593503539041185
2022,Female,21,2020,BCSE,2,Yes,Yes,4,2,Offline,Yes,Yes,3,Basic,100,No,No,Yes,Programming,2,Software,Single,No,Family,No,3.45,No,3.45,11,35000,STU1546,100.0,No,Single,Software,Programming,Good,0,0,Good,0.22326400340546393,0.7767359965945361
2022,Male,21,2020,BCSE,2,Yes,Yes,4,2,Offline,Yes,Yes,3,Basic,100,No,No,Yes,Programming,2,Software,Single,No,Bachelor,No,2.58,No,2.58,11,35000,STU1547,100.0,No,Single,Software,Programming,At Risk,1,1,At Risk,0.8302430980537318,0.8302430980537318
2021,Female,20,2020,BCSE,3,Yes,No,4,2,Online,Yes,No,2,Advance,98,Yes,No,Yes,Programming,5,Software,Single,No,Bachelor,Yes,1.87,No,3.5,32,20000,STU1548,98.0,Yes,Single,Software,Programming,Good,0,0,Good,0.36006081871345025,0.6399391812865498
2020,Male,21,2019,BCSE,7,No,No,1,1,Offline,Yes,Yes,2,Intermediate,93,No,No,No,Web development,1,Software,Single,No,Family,No,2.68,No,3.15,77,40000,STU1549,93.0,No,Single,Software,Web Development,At Risk,1,1,At Risk,0.7142889558208927,0.7142889558208927
2020,Female,20,2019,BCSE,7,Yes,Yes,4,2,Online,Yes,Yes,1,Intermediate,98,No,No,Yes,Programming,3,Software,Single,Yes,Family,No,3.96,No,3.99,76,25000,STU1550,98.0,No,Single,Software,Programming,Good,0,0,Good,0.10015544370058141,0.8998445562994186
2019,Male,22,2019,BCSE,8,Yes,Yes,4,2,Online,Yes,Yes,1,Intermediate,90,No,No,No,Web development,2,Software,Single,No,Family,Yes,3.68,No,3.73,84,62488,STU1551,90.0,Yes,Single,Software,Web Development,Good,0,0,Good,0.08705916324408645,0.9129408367559135
2019,Male,20,2019,BCSE,9,Yes,No,5,2,Offline,Yes,Yes,10,Basic,50,Yes,No,No,Programming,2,Software,Married,Yes,Bachelor,No,3.35,No,2.3,90,50000,STU1552,50.0,No,Married,Software,Programming,At Risk,1,0,Good,0.4932747474747475,0.5067252525252526
2019,Male,22,2017,BCSE,9,No,Yes,4,2,Offline,Yes,Yes,4,Intermediate,90,No,No,Yes,Web development,6,Software,Single,Yes,Family,No,2.04,No,2.86,93,50000,STU1553,90.0,No,Single,Software,Web Development,At Risk,1,1,At Risk,0.7558520410956134,0.7558520410956134
2020,Male,21,2019,BCSE,8,Yes,Yes,0,1,Offline,Yes,Yes,2,Advance,95,No,No,No,Web development,1,Software,Single,No,Family,No,3.74,No,3.67,90,30000,STU1554,95.0,No,Single,Software,Web Development,Good,0,0,Good,0.12952246000755166,0.8704775399924484
2020,Female,21,2019,BCSE,8,No,No,4,2,Offline,Yes,Yes,2,Intermediate,95,No,No,No,Programming,1,Software,Single,No,Bachelor,No,3.75,No,3.75,110,250000,STU1555,95.0,No,Single,Software,Programming,Good,0,0,Good,0.11160636800799598,0.888393631992004
2020,Female,22,2018,BCSE,8,No,No,2,3,Offline,Yes,Yes,1,Intermediate,90,No,No,Yes,Programming,2,Data Science,Single,No,Bachelor,No,3.3,No,3.26,86,50000,STU1556,90.0,No,Single,Data Science,Programming,Good,0,0,Good,0.23310619104488045,0.7668938089551196
2019,Male,23,2019,BCSE,8,Yes,No,5,3,Offline,Yes,Yes,4,Intermediate,98,No,No,Yes,Programming,3,NETWORKING,Single,Yes,Bachelor,Yes,3.72,No,3.45,90,25000,STU1557,98.0,Yes,Single,Networking,Programming,Good,0,0,Good,0.08166842281375633,0.9183315771862437
2019,Male,24,2018,BCSE,8,No,No,4,2,Offline,Yes,Yes,3,Intermediate,88,No,No,Yes,Programming,2,Machine Learning,Single,Yes,Bachelor,No,3.21,No,3.42,85,40000,STU1558,88.0,No,Single,Machine Learning,Programming,Good,0,0,Good,0.3646577072689208,0.6353422927310792
2020,Female,21,2018,BCSE,7,Yes,Yes,1,1,Offline,Yes,Yes,3,Intermediate,97,No,No,No,Nothing much,0,Artificial Intelligence,Married,Yes,Family,No,3.64,No,3.65,76,60000,STU1559,97.0,No,Married,Artificial Intelligence,None / Developing,Good,0,0,Good,0.11530940810554123,0.8846905918944588
2020,Female,22,2018,BCSE,8,Yes,Yes,3,1,Offline,Yes,Yes,5,Advance,90,No,No,No,E-commerce,2,NETWORKING,Relationship,No,Family,Yes,2.86,No,3.42,87,50000,STU1560,90.0,Yes,Relationship,Networking,E-Commerce,Good,0,0,Good,0.18106532074871218,0.8189346792512878
2019,Male,22,2018,BCSE,8,Yes,Yes,4,2,Offline,Yes,Yes,1,Intermediate,90,No,No,Yes,Programming,2,Software,Single,No,Family,No,3.78,No,3.88,93,30000,STU1561,90.0,No,Single,Software,Programming,Good,0,0,Good,0.09362631237821695,0.906373687621783
2016,Male,24,2014,BCSE,13,No,Yes,5,2,Offline,Yes,Yes,5,Basic,99,Yes,No,No,Software Development,2,Software,Single,Yes,Bachelor,No,2.66,No,2.76,115,50000,STU1562,99.0,No,Single,Software,Software Development,At Risk,1,1,At Risk,0.9125917065390748,0.9125917065390748
2020,Female,21,2019,BCSE,8,No,Yes,2,2,Offline,Yes,Yes,3,Advance,90,No,No,No,Programming,1,Software,Married,Yes,Family,No,3.04,No,2.87,85,100000,STU1563,90.0,No,Married,Software,Programming,At Risk,1,0,Good,0.36955272298999603,0.630447277010004
2020,Male,20,2019,BCSE,8,No,No,1,1,Offline,Yes,Yes,4,Intermediate,80,No,No,No,Programming,1,Software,Single,No,Family,No,1.76,No,2.55,64,35000,STU1564,80.0,No,Single,Software,Programming,At Risk,1,1,At Risk,0.8309460896121782,0.8309460896121782
2020,Male,22,2019,BCSE,8,Yes,Yes,3,3,Online,Yes,Yes,2,Advance,98,No,No,Yes,Web development,2,Software,Single,No,Family,No,3.15,No,3.71,84,5000,STU1565,98.0,No,Single,Software,Web Development,Good,0,0,Good,0.14896678121336918,0.8510332187866309
2020,Male,22,2019,BCSE,8,Yes,Yes,2,2,Offline,Yes,Yes,1,Intermediate,100,No,No,Yes,Programming,4,Software,Single,No,Bachelor,No,4.0,No,3.62,86,50000,STU1566,100.0,No,Single,Software,Programming,Good,0,0,Good,0.1439165610144859,0.8560834389855141
2022,Female,20,2020,BCSE,2,No,Yes,3,1,Offline,Yes,Yes,2,Intermediate,100,No,No,No,Programming,3,Software,Single,No,Family,No,3.58,No,3.58,14,45000,STU1567,100.0,No,Single,Software,Programming,Good,0,0,Good,0.12407380419697901,0.875926195803021
2022,Male,21,2019,BCSE,1,No,Yes,6,2,Offline,Yes,Yes,2,Intermediate,88,No,No,No,Programming,2,Software,Single,Yes,Family,Yes,3.4,No,3.4,11,30000,STU1568,88.0,Yes,Single,Software,Programming,Good,0,0,Good,0.14588719926852298,0.854112800731477
2020,Male,22,2019,BCSE,8,No,Yes,2,1,Online,Yes,Yes,16,Advance,78,Yes,No,No,Programming,2,Software,Single,No,Family,Yes,2.44,No,2.77,76,30000,STU1569,78.0,Yes,Single,Software,Programming,At Risk,1,1,At Risk,0.9398978126482054,0.9398978126482054
2020,Male,22,2019,BCSE,7,Yes,Yes,6,3,Online,Yes,Yes,1,Advance,97,No,No,No,Web development,1,Software,Single,Yes,Family,No,3.94,No,3.91,75,40000,STU1570,97.0,No,Single,Software,Web Development,Good,0,0,Good,0.07500328297126985,0.9249967170287301
2018,Male,24,2016,BCSE,10,Yes,No,3,1,Offline,Yes,Yes,1,Intermediate,80,No,No,Yes,Teaching,0,Teaching,Single,Yes,Bachelor,Yes,3.0,No,2.85,90,50000,STU1571,80.0,Yes,Single,Teaching,Teaching,At Risk,1,1,At Risk,0.7259057082253652,0.7259057082253652
2020,Female,21,2019,BCSE,8,Yes,Yes,1,1,Offline,Yes,Yes,3,Intermediate,85,No,No,No,Programming,1,Software,Engaged,No,Family,Yes,3.32,No,3.27,88,50000,STU1572,85.0,Yes,Engaged,Software,Programming,Good,0,0,Good,0.1094600869116785,0.8905399130883215
2022,Male,22,2020,BCSE,2,Yes,Yes,2,1,Offline,Yes,Yes,5,Basic,90,No,No,Yes,Programming,2,Software,Single,No,Family,No,2.8,No,2.8,11,30000,STU1573,90.0,No,Single,Software,Programming,At Risk,1,1,At Risk,0.8022302593220961,0.8022302593220961
2020,Female,22,2018,BCSE,6,No,No,3,2,Offline,Yes,Yes,3,Intermediate,99,No,No,Yes,Web development,2,Artificial Intelligence,Single,Yes,Bachelor,No,3.39,No,3.33,70,40000,STU1574,99.0,No,Single,Artificial Intelligence,Web Development,Good,0,0,Good,0.23637556377044913,0.7636244362295509
2022,Male,20,2020,BCSE,2,No,No,1,1,Online,Yes,No,2,Intermediate,95,No,No,Yes,Programming,1,Software,Single,Yes,Bachelor,No,4.0,No,4.0,12,40000,STU1575,95.0,No,Single,Software,Programming,Good,0,0,Good,0.24473891610523307,0.7552610838947669
2017,Female,26,2013,BCSE,11,Yes,Yes,1,1,Online,Yes,Yes,1,Intermediate,100,No,No,Yes,Networking,2,Hardware,Married,No,Family,No,3.2,No,3.44,117,40000,STU1576,100.0,No,Married,Hardware,Networking,Good,0,0,Good,0.11421018924667299,0.885789810753327
2020,Female,21,2019,BCSE,7,Yes,No,2,2,Offline,Yes,Yes,2,Intermediate,88,No,No,Yes,Programming,1,Data Science,Single,Yes,Bachelor,No,3.31,No,2.9,70,20000,STU1577,88.0,No,Single,Data Science,Programming,At Risk,1,1,At Risk,0.5727944992345507,0.5727944992345507
2018,Male,23,2017,BCSE,14,No,Yes,5,2,Online,No,Yes,4,Intermediate,85,Yes,No,Yes,Web development,1,Software,Single,Yes,Family,No,2.96,No,3.06,136,20000,STU1578,85.0,No,Single,Software,Web Development,At Risk,1,1,At Risk,0.9410512566683166,0.9410512566683166
2022,Male,20,2020,BCSE,2,Yes,Yes,3,2,Offline,Yes,Yes,4,Basic,100,No,No,No,Programming,2,Software,Single,No,Family,No,3.68,No,3.68,11,35000,STU1579,100.0,No,Single,Software,Programming,Good,0,0,Good,0.20844866696897627,0.7915513330310238
2022,Female,20,2018,BCSE,2,No,Yes,4,2,Online,Yes,Yes,6,Basic,100,No,No,Yes,Programming,2,Software,Single,Yes,Family,No,3.78,No,3.78,11,4000,STU1580,100.0,No,Single,Software,Programming,Good,0,0,Good,0.13188559614891637,0.8681144038510836
2020,Male,21,2019,BCSE,7,Yes,No,4,3,Offline,Yes,Yes,1,Intermediate,95,No,No,No,Programming,3,Software,Single,Yes,Bachelor,Yes,3.87,No,3.68,86,15000,STU1581,95.0,Yes,Single,Software,Programming,Good,0,0,Good,0.09287728844340716,0.9071227115565929
2021,Male,21,2019,BCSE,4,Yes,Yes,10,2,Offline,Yes,Yes,2,Basic,95,Yes,Yes,No,Programming,2,NETWORKING,Single,No,Family,No,2.68,No,2.47,25,40000,STU1582,95.0,No,Single,Networking,Programming,At Risk,1,1,At Risk,0.8541735719272345,0.8541735719272345
2022,Male,21,2020,BCSE,2,Yes,Yes,3,2,Offline,Yes,Yes,2,Intermediate,90,No,No,Yes,Programming,1,Software,Single,No,Family,No,3.9,No,3.9,11,20000,STU1583,90.0,No,Single,Software,Programming,Good,0,0,Good,0.16762780496459576,0.8323721950354043
2018,Male,24,2017,BCSE,13,No,No,2,1,Online,Yes,Yes,2,Advance,90,No,No,No,Web development,4,Hardware,Engaged,No,Family,No,2.65,No,2.97,130,62488,STU1584,90.0,No,Engaged,Hardware,Web Development,At Risk,1,1,At Risk,0.6986178480204341,0.6986178480204341
2020,Male,22,2019,BCSE,8,No,No,2,1,Offline,Yes,Yes,3,Intermediate,87,No,No,No,Programming,1,Cybersecurity,Single,No,Bachelor,No,3.29,No,3.65,100,100000,STU1585,87.0,No,Single,Cyber Security,Programming,Good,0,0,Good,0.20666072261741497,0.793339277382585
2020,Female,20,2019,BCSE,8,No,Yes,3,2,Online,Yes,Yes,2,Intermediate,97,No,No,Yes,Web development,2,Machine Learning,Single,Yes,Family,No,3.14,No,3.62,95,48400,STU1586,97.0,No,Single,Machine Learning,Web Development,Good,0,0,Good,0.2654568741441704,0.7345431258558296
2017,Male,24,2016,BCSE,17,No,No,4,2,Offline,Yes,Yes,8,Intermediate,80,Yes,Yes,Yes,Web development,10,Software,Single,No,Family,Yes,3.15,No,3.39,140,30000,STU1587,80.0,Yes,Single,Software,Web Development,Good,0,0,Good,0.26838709677419353,0.7316129032258065
2020,Female,21,2019,BCSE,8,Yes,Yes,2,2,Online,Yes,Yes,2,Intermediate,100,No,No,Yes,Web development,3,Software,Single,No,Family,No,3.46,No,3.55,88,80000,STU1588,100.0,No,Single,Software,Web Development,Good,0,0,Good,0.06638600233647846,0.9336139976635216
2020,Female,22,2019,BCSE,8,No,No,1,1,Online,Yes,Yes,3,Intermediate,99,No,No,Yes,Software Development,0,Software,Single,No,Family,No,3.32,No,3.17,85,40000,STU1589,99.0,No,Single,Software,Software Development,At Risk,1,0,Good,0.34502292432821396,0.6549770756717861
2020,Female,21,2019,BCSE,7,Yes,Yes,3,1,Offline,Yes,Yes,4,Intermediate,95,No,No,No,Programming,2,Software,Single,No,Family,No,3.21,No,3.36,76,25000,STU1590,95.0,No,Single,Software,Programming,Good,0,0,Good,0.22848797310062458,0.7715120268993754
2022,Male,19,2020,BCSE,2,Yes,No,5,2,Offline,Yes,Yes,2,Basic,100,No,No,Yes,Programming,4,Artificial Intelligence,Single,No,Bachelor,No,3.93,No,3.93,11,15000,STU1591,100.0,No,Single,Artificial Intelligence,Programming,Good,0,0,Good,0.2563428241823729,0.7436571758176271
2019,Male,24,2017,BCSE,11,No,No,6,2,Offline,Yes,Yes,1,Intermediate,90,No,No,No,Web development,3,Software,Single,No,Family,No,3.94,No,3.76,130,40000,STU1592,90.0,No,Single,Software,Web Development,Good,0,0,Good,0.10041249800892828,0.8995875019910717
2021,Female,22,2021,BCSE,3,No,No,4,2,Online,Yes,Yes,3,Intermediate,95,Yes,No,Yes,Programming,2,Software,Single,Yes,Bachelor,No,2.87,No,2.31,24,200000,STU1593,95.0,No,Single,Software,Programming,At Risk,1,1,At Risk,0.8592181970076708,0.8592181970076708
2021,Male,21,2020,BCSE,5,No,No,3,3,Offline,Yes,Yes,2,Basic,100,No,No,Yes,Programming,2,Software,Single,No,Bachelor,No,3.31,No,3.27,49,30000,STU1594,100.0,No,Single,Software,Programming,Good,0,0,Good,0.17495367889927863,0.8250463211007214
2022,Female,19,2020,BCSE,2,Yes,Yes,5,2,Online,Yes,Yes,1,Intermediate,99,No,No,Yes,Programming,1,Software,Single,Yes,Family,No,4.0,Yes,4.0,11,35000,STU1595,99.0,No,Single,Software,Programming,Good,0,0,Good,0.12151386165054984,0.8784861383494502
2022,Male,20,2020,BCSE,2,Yes,No,0,0,Offline,Yes,Yes,4,Basic,100,No,No,No,Programming,1,Software,Single,No,Bachelor,No,4.0,No,4.0,12,20000,STU1596,100.0,No,Single,Software,Programming,Good,0,0,Good,0.19030532456254054,0.8096946754374594
2021,Male,20,2020,BCSE,3,Yes,No,1,1,Online,Yes,Yes,2,Intermediate,75,Yes,No,Yes,Programming,1,Machine Learning,Single,No,Bachelor,Yes,2.08,No,2.68,20,50000,STU1597,75.0,Yes,Single,Machine Learning,Programming,At Risk,1,1,At Risk,0.9267419204885828,0.9267419204885828
2021,Female,22,2020,BCSE,3,No,Yes,6,2,Offline,Yes,Yes,3,Basic,80,Yes,No,Yes,Programming,2,Software,Single,No,Family,No,2.62,No,2.64,18,5000,STU1598,80.0,No,Single,Software,Programming,At Risk,1,1,At Risk,0.8720594668489404,0.8720594668489404
2022,Male,19,2020,BCSE,1,Yes,Yes,2,1,Offline,Yes,Yes,8,Basic,100,No,No,Yes,Web development,2,Software,Single,Yes,Bachelor,No,3.89,No,3.89,12,35000,STU1599,100.0,No,Single,Software,Web Development,Good,0,0,Good,0.1323367443850063,0.8676632556149937
2018,Female,23,2016,BCSE,14,No,Yes,2,1,Offline,Yes,Yes,8,Advance,70,Yes,No,Yes,Networking,1,Machine Learning,Relationship,No,Family,No,2.75,No,2.88,111,70000,STU1600,70.0,No,Relationship,Machine Learning,Networking,At Risk,1,1,At Risk,0.8345908149908428,0.8345908149908428
2020,Male,22,2018,BCSE,8,No,No,5,2,Online,No,Yes,2,Intermediate,98,No,No,No,Web development,3,Software,Single,No,Family,No,4.0,No,3.97,87,30000,STU1601,98.0,No,Single,Software,Web Development,Good,0,0,Good,0.19826902656928158,0.8017309734307184
2020,Male,22,2018,BCSE,8,Yes,No,3,2,Online,Yes,Yes,2,Intermediate,95,No,No,No,Web development,2,Software,Single,No,Bachelor,No,3.57,No,3.57,90,40000,STU1602,95.0,No,Single,Software,Web Development,Good,0,0,Good,0.09558675529520273,0.9044132447047972
2020,Female,22,2018,BCSE,8,Yes,No,2,1,Offline,Yes,Yes,2,Intermediate,98,No,No,Yes,Software Development,0,Software,Single,No,Bachelor,Yes,3.19,No,3.41,90,62488,STU1603,98.0,Yes,Single,Software,Software Development,Good,0,0,Good,0.3479212225966537,0.6520787774033463
2019,Male,23,2018,BCSE,11,Yes,No,8,2,Offline,Yes,Yes,2,Intermediate,99,No,No,No,Web development,3,Software,Single,No,Bachelor,No,3.6,No,3.9,130,24000,STU1604,99.0,No,Single,Software,Web Development,Good,0,0,Good,0.08363880858100091,0.9163611914189991
2020,Female,20,2019,BCSE,7,No,Yes,6,2,Offline,Yes,Yes,6,Intermediate,85,Yes,No,Yes,Software Development,3,Software,Single,No,Family,No,2.88,No,2.88,68,100000,STU1605,85.0,No,Single,Software,Software Development,At Risk,1,1,At Risk,0.8738805346700081,0.8738805346700081
2022,Male,20,2020,BCSE,2,Yes,No,3,2,Offline,Yes,No,6,Basic,90,Yes,No,Yes,Programming,2,Software,Single,No,Bachelor,No,2.74,No,2.74,23,20000,STU1606,90.0,No,Single,Software,Programming,At Risk,1,1,At Risk,0.9079450881972433,0.9079450881972433
2021,Female,20,2019,BCSE,3,No,Yes,5,3,Offline,Yes,No,3,Basic,50,Yes,No,No,Programming,3,Hardware,Single,No,Family,No,1.41,No,2.55,25,10000,STU1607,50.0,No,Single,Hardware,Programming,At Risk,1,1,At Risk,0.9364285714285714,0.9364285714285714
2019,Female,22,2017,BCSE,11,No,No,5,2,Offline,Yes,Yes,3,Intermediate,100,No,No,Yes,Web development,2,Machine Learning,Single,No,Bachelor,No,3.42,No,3.32,122,40000,STU1608,100.0,No,Single,Machine Learning,Web Development,Good,0,0,Good,0.27312556920465025,0.7268744307953497
2019,Female,22,2017,BCSE,11,No,No,5,2,Offline,Yes,Yes,3,Intermediate,99,No,No,Yes,Web development,2,Machine Learning,Single,No,Bachelor,No,3.1,No,3.08,118,40000,STU1609,99.0,No,Single,Machine Learning,Web Development,At Risk,1,1,At Risk,0.5774020201755397,0.5774020201755397
2020,Male,21,2019,BCSE,8,Yes,No,2,1,Online,Yes,Yes,1,Advance,90,No,No,No,Programming,2,Machine Learning,Single,No,Bachelor,No,3.96,No,3.86,87,120000,STU1610,90.0,No,Single,Machine Learning,Programming,Good,0,0,Good,0.09112332094271622,0.9088766790572838
2022,Male,20,2020,BCSE,2,Yes,No,3,2,Online,Yes,Yes,2,Intermediate,70,No,No,Yes,Programming,1,Data Science,Single,No,Bachelor,No,3.29,No,3.29,11,40000,STU1611,70.0,No,Single,Data Science,Programming,Good,0,0,Good,0.21180223191193467,0.7881977680880653
2022,Female,22,2017,BCSE,1,Yes,Yes,3,3,Offline,Yes,Yes,3,Basic,100,No,No,No,Programming,2,Software,Single,No,Family,No,3.75,No,3.75,12,50000,STU1612,100.0,No,Single,Software,Programming,Good,0,0,Good,0.1506110620222583,0.8493889379777417
2020,Female,21,2019,BCSE,8,Yes,No,5,2,Offline,Yes,Yes,2,Intermediate,100,No,No,Yes,Programming,2,Software,Single,No,Bachelor,No,3.66,No,3.8,87,50000,STU1613,100.0,No,Single,Software,Programming,Good,0,0,Good,0.11781369034244422,0.8821863096575557
2022,Female,20,2019,BCSE,1,Yes,Yes,2,3,Offline,Yes,Yes,1,Basic,97,No,No,Yes,Programming,2,NETWORKING,Single,Yes,Family,No,0.0,No,0.0,0,45000,STU1614,97.0,No,Single,Networking,Programming,At Risk,1,1,At Risk,0.9103928571428572,0.9103928571428572
2019,Male,21,2019,BCSE,8,Yes,No,4,2,Offline,Yes,Yes,1,Intermediate,90,No,No,Yes,Cyber security,2,NETWORKING,Single,No,Bachelor,No,3.88,No,3.71,92,30000,STU1615,90.0,No,Single,Networking,Cyber Security,Good,0,0,Good,0.14090982577412248,0.8590901742258775
2020,Male,22,2018,BCSE,8,Yes,Yes,2,1,Online,Yes,Yes,1,Intermediate,90,No,No,No,Programming,2,Software,Single,Yes,Bachelor,No,4.0,No,3.89,75,30000,STU1616,90.0,No,Single,Software,Programming,Good,0,0,Good,0.13440805928988586,0.8655919407101141
2019,Male,21,2018,BCSE,8,Yes,Yes,2,2,Offline,No,Yes,3,Intermediate,90,No,No,Yes,Web development,2,Software,Single,Yes,Bachelor,No,3.64,No,3.42,100,18000,STU1617,90.0,No,Single,Software,Web Development,Good,0,0,Good,0.23623715932406433,0.7637628406759357
2018,Male,25,2016,BCSE,13,Yes,Yes,2,2,Online,Yes,Yes,3,Intermediate,90,Yes,Yes,Yes,Programming,2,Software,Single,No,Family,No,2.4,No,2.41,86,50000,STU1618,90.0,No,Single,Software,Programming,At Risk,1,1,At Risk,0.8959981392876127,0.8959981392876127
2021,Female,20,2020,BCSE,2,No,No,2,1,Offline,Yes,No,3,Basic,90,No,No,No,Programming,2,Software,Single,Yes,Bachelor,Yes,2.67,No,2.67,12,25000,STU1619,90.0,Yes,Single,Software,Programming,At Risk,1,1,At Risk,0.7498801930702406,0.7498801930702406
2021,Female,22,2018,BCSE,2,Yes,No,4,2,Offline,Yes,Yes,3,Basic,80,Yes,No,Yes,Programming,3,Software,Married,No,Family,Yes,2.86,No,2.86,15,50000,STU1620,80.0,Yes,Married,Software,Programming,At Risk,1,1,At Risk,0.9254588744588745,0.9254588744588745
2021,Male,20,2020,BCSE,3,Yes,No,1,1,Online,Yes,Yes,2,Intermediate,80,No,No,No,Programming,1,Software,Single,Yes,Bachelor,Yes,2.63,No,3.07,27,25000,STU1621,80.0,Yes,Single,Software,Programming,At Risk,1,1,At Risk,0.8070002911648801,0.8070002911648801
2020,Female,21,2018,BCSE,8,No,Yes,3,2,Online,Yes,Yes,1,Intermediate,96,No,No,Yes,Web development,2,Machine Learning,Single,No,Family,Yes,3.48,No,3.74,87,20000,STU1622,96.0,Yes,Single,Machine Learning,Web Development,Good,0,0,Good,0.33054213435061186,0.6694578656493881
2022,Male,19,2020,BCSE,2,Yes,Yes,1,1,Offline,Yes,Yes,4,Intermediate,99,No,No,No,Programming,1,Software,Single,No,Family,No,3.75,No,3.75,12,30000,STU1623,99.0,No,Single,Software,Programming,Good,0,0,Good,0.11867828682412193,0.881321713175878
2019,Male,21,2019,BCSE,8,Yes,Yes,2,1,Offline,Yes,Yes,1,Intermediate,95,No,No,Yes,Programming,2,Software,Single,Yes,Family,No,3.94,No,3.88,90,30000,STU1624,95.0,No,Single,Software,Programming,Good,0,0,Good,0.12420436574039204,0.8757956342596079
2022,Female,21,2019,BCSE,1,Yes,Yes,2,1,Offline,Yes,No,5,Intermediate,100,No,No,Yes,Networking,1,Software,Single,No,Family,No,0.0,No,0.0,0,40000,STU1625,100.0,No,Single,Software,Networking,At Risk,1,1,At Risk,0.9681157323688968,0.9681157323688968
2022,Female,20,2020,BCSE,1,Yes,No,2,1,Offline,Yes,Yes,2,Basic,99,No,No,Yes,Programming,2,Software,Single,No,Family,No,4.0,No,4.0,13,62488,STU1626,99.0,No,Single,Software,Programming,Good,0,0,Good,0.2214716347021141,0.7785283652978859
2020,Female,21,2018,BCSE,8,Yes,No,2,2,Offline,Yes,Yes,2,Intermediate,80,No,No,Yes,Web development,1,Software,Engaged,No,Family,Yes,3.5,No,3.63,87,90000,STU1627,80.0,Yes,Engaged,Software,Web Development,Good,0,0,Good,0.09120251583606986,0.9087974841639301
2022,Male,19,2020,BCSE,2,Yes,No,3,1,Online,Yes,Yes,2,Basic,85,No,No,No,Cyber security,1,Software,Single,No,Family,No,1.91,No,1.75,6,300000,STU1628,85.0,No,Single,Software,Cyber Security,At Risk,1,1,At Risk,0.9218146304631623,0.9218146304631623
2022,Male,20,2021,BCSE,2,Yes,Yes,2,2,Offline,Yes,Yes,1,Basic,90,No,No,No,i don't,1,Software,Single,No,Family,No,3.85,No,3.85,11,30000,STU1629,90.0,No,Single,Software,None / Developing,Good,0,0,Good,0.1965117970663078,0.8034882029336922
2020,Male,22,2019,BCSE,8,No,Yes,1,1,Offline,Yes,Yes,2,Basic,95,No,No,Yes,Video editing,2,Machine Learning,Single,Yes,Bachelor,No,1.97,No,2.77,85,40000,STU1630,95.0,No,Single,Machine Learning,Video Editing,At Risk,1,1,At Risk,0.9632618065433854,0.9632618065433854
2022,Male,20,2020,BCSE,2,Yes,Yes,2,1,Offline,Yes,Yes,2,Intermediate,98,No,No,Yes,Programming,3,Software,Single,No,Family,No,3.51,No,3.51,11,40000,STU1631,98.0,No,Single,Software,Programming,Good,0,0,Good,0.2704860656702055,0.7295139343297945
2022,Male,21,2019,BCSE,2,No,No,3,2,Offline,Yes,Yes,2,Basic,95,No,No,Yes,Programming,2,Artificial Intelligence,Single,No,Bachelor,No,3.85,No,3.85,11,20000,STU1632,95.0,No,Single,Artificial Intelligence,Programming,Good,0,0,Good,0.21125819550369382,0.7887418044963062
2022,Female,20,2020,BCSE,2,Yes,Yes,3,3,Offline,Yes,Yes,5,Basic,90,No,No,Yes,Programming,2,Software,Single,No,Family,No,4.0,No,4.0,11,50000,STU1633,90.0,No,Single,Software,Programming,Good,0,0,Good,0.21312795463031278,0.7868720453696872
2022,Male,19,2020,BCSE,2,No,No,4,2,Offline,Yes,Yes,1,Basic,90,No,No,Yes,Programming,1,Artificial Intelligence,Single,No,Bachelor,No,3.21,No,3.21,11,40000,STU1634,90.0,No,Single,Artificial Intelligence,Programming,Good,0,0,Good,0.164620081115993,0.835379918884007
2020,Female,22,2019,BCSE,8,Yes,No,3,2,Offline,Yes,Yes,2,Intermediate,95,No,No,Yes,Software Development,2,Hardware,Single,Yes,Family,No,3.15,No,3.65,84,50000,STU1635,95.0,No,Single,Hardware,Software Development,Good,0,0,Good,0.1888627942396866,0.8111372057603135
2022,Male,21,2020,BCSE,2,Yes,No,4,3,Offline,Yes,Yes,1,Basic,80,Yes,Yes,Yes,Programming,1,Software,Relationship,Yes,Bachelor,Yes,3.1,No,3.1,14,20000,STU1636,80.0,Yes,Relationship,Software,Programming,At Risk,1,1,At Risk,0.8223749568391456,0.8223749568391456
2019,Male,23,2016,BCSE,10,Yes,No,1,1,Offline,Yes,Yes,2,Intermediate,90,No,No,Yes,Mentoring,3,Machine Learning,Single,No,Bachelor,No,3.22,No,3.47,95,13500,STU1637,90.0,No,Single,Machine Learning,Mentoring,Good,0,0,Good,0.11802105200863347,0.8819789479913666
2021,Female,22,2019,BCSE,3,Yes,Yes,3,2,Offline,Yes,Yes,4,Intermediate,70,No,No,No,Programming,2,Machine Learning,Single,No,Family,No,3.52,No,3.77,23,25000,STU1638,70.0,No,Single,Machine Learning,Programming,Good,0,0,Good,0.13675314089570795,0.8632468591042921
2021,Female,20,2020,BCSE,3,Yes,No,2,2,Offline,Yes,Yes,2,Intermediate,85,No,No,Yes,Programming,1,Software,Single,No,Family,No,3.24,No,3.32,23,80000,STU1639,85.0,No,Single,Software,Programming,Good,0,0,Good,0.20032192036601779,0.7996780796339822
2019,Male,23,2017,BCSE,11,No,Yes,10,3,Offline,Yes,Yes,2,Intermediate,90,No,No,No,Programming,4,Software,Single,Yes,Bachelor,Yes,3.94,Yes,3.95,126,25000,STU1640,90.0,Yes,Single,Software,Programming,Good,0,0,Good,0.11244141339278829,0.8875585866072118
2020,Female,22,2018,BCSE,8,No,No,4,1,Online,Yes,Yes,7,Intermediate,80,No,No,No,Graphics design,1,Machine Learning,Single,Yes,Family,No,2.5,No,2.85,90,70000,STU1641,80.0,No,Single,Machine Learning,Graphics Design,At Risk,1,0,Good,0.4372901445842846,0.5627098554157154
2020,Female,21,2018,BCSE,8,No,Yes,3,1,Offline,Yes,Yes,3,Basic,88,No,No,No,graphic design,5,NETWORKING,Single,No,Bachelor,Yes,2.65,No,2.85,70,35000,STU1642,88.0,Yes,Single,Networking,Graphics Design,At Risk,1,1,At Risk,0.6634730368090845,0.6634730368090845
2021,Male,20,2020,BCSE,2,Yes,Yes,1,4,Online,Yes,No,6,Intermediate,80,No,No,No,Software Development,1,Software,Single,No,Family,No,2.91,No,2.91,11,25000,STU1643,80.0,No,Single,Software,Software Development,At Risk,1,1,At Risk,0.8465665804739128,0.8465665804739128
2015,Male,26,2014,BCSE,22,No,Yes,5,4,Offline,Yes,Yes,1,Intermediate,100,Yes,Yes,Yes,Programming,1,Software,Single,No,Bachelor,No,3.22,No,2.83,103,25000,STU1644,100.0,No,Single,Software,Programming,At Risk,1,1,At Risk,0.8891666666666665,0.8891666666666665
2020,Male,21,2019,BCSE,7,Yes,Yes,1,1,Offline,Yes,Yes,1,Basic,100,No,No,No,Web development,1,Software,Single,Yes,Family,No,3.67,No,3.48,75,62488,STU1645,100.0,No,Single,Software,Web Development,Good,0,0,Good,0.13936640749398987,0.8606335925060101
2022,Female,21,2019,BCSE,2,Yes,No,1,2,Offline,Yes,Yes,2,Intermediate,99,No,No,No,Programming,2,Software,Single,No,Bachelor,No,4.0,No,4.0,12,30000,STU1646,99.0,No,Single,Software,Programming,Good,0,0,Good,0.10215772526292924,0.8978422747370708
2022,Male,21,2020,BCSE,2,Yes,Yes,3,1,Offline,Yes,Yes,5,Basic,95,No,No,Yes,Programming,1,Machine Learning,Single,Yes,Family,No,3.92,No,3.92,12,35000,STU1647,95.0,No,Single,Machine Learning,Programming,Good,0,0,Good,0.12426915054180145,0.8757308494581986
2019,Male,23,2018,BCSE,11,No,No,6,2,Online,Yes,Yes,6,Advance,90,No,No,Yes,Web development,5,UI/UX,Single,No,Bachelor,No,3.02,No,3.05,123,40000,STU1648,90.0,No,Single,UI/UX Design,Web Development,At Risk,1,0,Good,0.4932128514449031,0.5067871485550969
2020,Female,21,2019,BCSE,8,No,Yes,13,2,Online,Yes,Yes,1,Advance,100,No,No,No,Programming,2,NETWORKING,Single,No,Family,No,3.77,No,3.69,88,5000,STU1649,100.0,No,Single,Networking,Programming,Good,0,0,Good,0.3251639413444442,0.6748360586555557
2021,Male,21,2020,BCSE,4,No,Yes,2,1,Offline,Yes,Yes,3,Intermediate,96,No,No,Yes,Programming,1,Software,Single,Yes,Family,No,3.89,No,3.7,35,90000,STU1650,96.0,No,Single,Software,Programming,Good,0,0,Good,0.23021321325568686,0.7697867867443131
2014,Female,25,2013,BCSE,15,No,Yes,4,3,Offline,Yes,Yes,1,Intermediate,90,Yes,No,Yes,Networking,2,Software,Married,No,Family,No,3.06,No,2.86,140,40000,STU1651,90.0,No,Married,Software,Networking,At Risk,1,1,At Risk,0.8790537634408602,0.8790537634408602
2019,Male,21,2019,BCSE,8,No,Yes,1,2,Online,Yes,Yes,4,Intermediate,57,Yes,No,No,Programming,3,Software,Single,Yes,Family,Yes,3.66,No,3.01,77,45000,STU1652,57.0,Yes,Single,Software,Programming,At Risk,1,1,At Risk,0.8280405865409793,0.8280405865409793
2020,Female,22,2018,BCSE,8,Yes,Yes,3,1,Offline,Yes,Yes,3,Basic,100,Yes,No,Yes,Networking,4,NETWORKING,Single,No,Bachelor,No,2.15,No,2.54,70,25000,STU1653,100.0,No,Single,Networking,Networking,At Risk,1,1,At Risk,0.8578099415204679,0.8578099415204679
2017,Male,24,2017,BCSE,9,Yes,Yes,1,1,Online,Yes,Yes,1,Intermediate,85,No,No,No,Programming,2,Software,Single,No,Family,No,3.39,No,3.29,90,40000,STU1654,85.0,No,Single,Software,Programming,Good,0,0,Good,0.11955121295220776,0.8804487870477923
2019,Female,22,2018,BCSE,11,No,No,2,1,Offline,Yes,Yes,2,Intermediate,95,No,No,Yes,Web development,1,Software,Single,No,Family,No,3.78,No,3.54,125,60000,STU1655,95.0,No,Single,Software,Web Development,Good,0,0,Good,0.1455193803078362,0.8544806196921638
2017,Male,25,2016,BCSE,16,No,Yes,6,3,Online,Yes,Yes,4,Intermediate,90,No,No,Yes,Software Development,4,Software,Single,Yes,Family,No,3.51,No,3.51,143,100000,STU1656,90.0,No,Single,Software,Software Development,Good,0,1,At Risk,0.64802834799609,0.64802834799609
2020,Male,22,2016,BCSE,7,No,Yes,1,1,Offline,Yes,Yes,2,Intermediate,60,No,No,Yes,Programming,1,Hardware,Single,No,Bachelor,Yes,2.92,No,2.9,58,62488,STU1657,60.0,Yes,Single,Hardware,Programming,At Risk,1,1,At Risk,0.5663537778729684,0.5663537778729684
2019,Female,21,2019,BCSE,8,No,Yes,5,2,Offline,Yes,Yes,3,Advance,90,Yes,No,Yes,Networking,2,NETWORKING,Engaged,Yes,Bachelor,No,2.13,No,2.45,87,40000,STU1658,90.0,No,Engaged,Networking,Networking,At Risk,1,1,At Risk,0.923127983127983,0.923127983127983
2020,Male,22,2019,BCSE,7,No,No,2,1,Offline,Yes,Yes,2,Intermediate,80,No,No,No,Programming,1,Software,Single,No,Bachelor,Yes,3.4,No,2.8,80,35000,STU1659,80.0,Yes,Single,Software,Programming,At Risk,1,1,At Risk,0.5695425035881816,0.5695425035881816
2022,Female,20,2020,BCSE,1,Yes,Yes,3,2,Offline,Yes,Yes,2,Intermediate,98,No,No,Yes,Programming,1,Software,Single,Yes,Family,No,0.0,No,0.0,0,30000,STU1660,98.0,No,Single,Software,Programming,At Risk,1,1,At Risk,0.9348779799252622,0.9348779799252622
2020,Female,21,2019,BCSE,8,Yes,Yes,2,2,Offline,Yes,Yes,1,Intermediate,80,No,No,Yes,Machine Learning,3,Machine Learning,Single,Yes,Family,Yes,3.4,No,3.5,87,40000,STU1661,80.0,Yes,Single,Machine Learning,Machine Learning,Good,0,0,Good,0.13844936857599618,0.8615506314240038
2021,Male,20,2020,BCSE,4,No,Yes,1,1,Offline,Yes,Yes,1,Basic,100,No,No,Yes,Market Analysis,1,Software,Single,Yes,Family,No,2.59,No,3.01,24,40000,STU1662,100.0,No,Single,Software,Market Analysis,At Risk,1,1,At Risk,0.6631609351051827,0.6631609351051827
2020,Female,21,2019,BCSE,8,Yes,No,2,1,Offline,Yes,Yes,3,Intermediate,97,No,No,Yes,Programming,1,Software,Single,Yes,Family,No,3.78,No,3.77,87,15000,STU1663,97.0,No,Single,Software,Programming,Good,0,0,Good,0.09493580928935313,0.9050641907106469
2022,Male,20,2020,BCSE,2,Yes,Yes,2,1,Online,Yes,Yes,10,Basic,95,No,No,No,Programming,2,Software,Single,No,Family,No,1.75,No,1.75,11,30000,STU1664,95.0,No,Single,Software,Programming,At Risk,1,1,At Risk,0.9527563882836922,0.9527563882836922
2020,Male,22,2019,BCSE,7,No,No,0,0,Offline,Yes,Yes,2,Intermediate,98,No,No,No,Programming,0,Hardware,Single,Yes,Bachelor,Yes,3.4,No,3.65,75,50000,STU1665,98.0,Yes,Single,Hardware,Programming,Good,0,0,Good,0.3909532439303702,0.6090467560696298
2021,Female,21,2021,BCSE,3,Yes,No,7,2,Offline,Yes,Yes,3,Basic,99,Yes,Yes,Yes,Programming,1,Hardware,Single,No,Bachelor,No,1.52,No,1.64,8,60000,STU1666,99.0,No,Single,Hardware,Programming,At Risk,1,1,At Risk,0.7206969696969696,0.7206969696969696
2019,Female,22,2018,BCSE,11,No,Yes,2,1,Offline,Yes,Yes,4,Advance,90,No,No,Yes,Programming,3,NETWORKING,Single,Yes,Family,Yes,3.66,No,3.37,123,60000,STU1667,90.0,Yes,Single,Networking,Programming,Good,0,0,Good,0.16042379523002118,0.8395762047699789
2020,Male,20,2019,BCSE,8,No,No,1,3,Offline,Yes,Yes,2,Intermediate,90,Yes,No,No,Web development,3,Web Development,Single,Yes,Bachelor,No,3.5,No,3.12,90,25000,STU1668,90.0,No,Single,Web Development,Web Development,At Risk,1,1,At Risk,0.7803220884722432,0.7803220884722432
2019,Female,23,2017,BCSE,11,No,Yes,2,1,Offline,Yes,Yes,4,Intermediate,70,No,No,Yes,Programming,2,Software,Single,Yes,Family,No,3.59,No,3.55,123,50000,STU1669,70.0,No,Single,Software,Programming,Good,0,0,Good,0.18406689868688705,0.8159331013131129
2021,Male,20,2019,BCSE,3,Yes,No,4,2,Offline,Yes,Yes,3,Basic,100,No,No,Yes,Programming,3,Software,Single,No,Bachelor,No,3.03,No,3.03,23,7000,STU1670,100.0,No,Single,Software,Programming,At Risk,1,1,At Risk,0.5606062470932988,0.5606062470932988
2020,Male,23,2018,BCSE,8,Yes,No,2,3,Offline,Yes,Yes,2,Basic,90,No,No,Yes,Programming,1,Software,Single,No,Bachelor,Yes,3.94,No,3.9,91,20000,STU1671,90.0,Yes,Single,Software,Programming,Good,0,0,Good,0.06456599319820298,0.935434006801797
2021,Male,21,2020,BCSE,2,Yes,Yes,3,2,Offline,Yes,Yes,2,Intermediate,95,No,No,Yes,Programming,3,Hardware,Single,Yes,Family,No,4.0,No,4.0,12,40000,STU1672,95.0,No,Single,Hardware,Programming,Good,0,0,Good,0.11626973314325906,0.8837302668567409
2020,Female,22,2019,BCSE,7,No,Yes,3,2,Offline,Yes,Yes,4,Intermediate,97,No,No,Yes,Programming,3,Hardware,Single,No,Family,No,3.49,No,3.44,80,45000,STU1673,97.0,No,Single,Hardware,Programming,Good,0,0,Good,0.1521682398389051,0.847831760161095
2020,Female,21,2019,BCSE,8,Yes,Yes,1,3,Online,Yes,Yes,1,Intermediate,90,No,No,Yes,Cyber security,1,UI/UX,Single,Yes,Family,Yes,3.0,No,3.1,87,30000,STU1674,90.0,Yes,Single,UI/UX Design,Cyber Security,At Risk,1,1,At Risk,0.6794292500089912,0.6794292500089912
2019,Male,24,2018,BCSE,11,No,Yes,3,2,Online,Yes,Yes,1,Intermediate,91,No,No,Yes,Web development,6,Hardware,Single,Yes,Family,No,3.45,No,3.34,117,19000,STU1675,91.0,No,Single,Hardware,Web Development,Good,0,0,Good,0.21071449758073257,0.7892855024192674
2020,Male,20,2019,BCSE,6,No,No,2,1,Offline,Yes,Yes,4,Intermediate,90,No,No,No,Programming,2,NETWORKING,Single,No,Family,Yes,3.58,No,3.5,72,50000,STU1676,90.0,Yes,Single,Networking,Programming,Good,0,0,Good,0.2734118608435041,0.7265881391564959
2019,Female,21,2018,BCSE,11,No,No,4,3,Online,Yes,Yes,3,Advance,80,Yes,Yes,Yes,Programming,1,NETWORKING,Married,No,Family,No,2.96,No,2.61,96,100000,STU1677,80.0,No,Married,Networking,Programming,At Risk,1,1,At Risk,0.8562807384186695,0.8562807384186695
2021,Female,21,2019,BCSE,3,Yes,No,2,1,Offline,Yes,Yes,2,Intermediate,90,No,No,Yes,Programming,1,Software,Single,Yes,Bachelor,No,3.38,No,3.53,24,40000,STU1678,90.0,No,Single,Software,Programming,Good,0,0,Good,0.24449180598008455,0.7555081940199154
2021,Female,20,2020,BCSE,3,Yes,No,2,1,Offline,Yes,Yes,3,Intermediate,95,No,No,Yes,Programming,1,Software,Single,Yes,Bachelor,No,3.12,No,3.07,24,50000,STU1679,95.0,No,Single,Software,Programming,At Risk,1,1,At Risk,0.6140209000474287,0.6140209000474287
2018,Male,24,2017,BCSE,13,No,No,3,1,Online,Yes,Yes,2,Basic,98,Yes,No,Yes,Programming,2,UI/UX,Married,No,Bachelor,No,2.86,No,2.88,133,30000,STU1680,98.0,No,Married,UI/UX Design,Programming,At Risk,1,1,At Risk,0.8614574314574316,0.8614574314574316
2019,Female,20,2019,BCSE,10,No,No,4,2,Offline,Yes,Yes,1,Basic,90,No,No,Yes,Web development,1,Data Science,Single,No,Family,No,3.1,No,3.27,88,45000,STU1681,90.0,No,Single,Data Science,Web Development,Good,0,0,Good,0.2927594512912805,0.7072405487087194
2021,Male,23,2020,BCSE,2,Yes,Yes,1,2,Offline,Yes,Yes,1,Intermediate,95,No,No,No,Programming,2,Software,Single,No,Family,No,3.92,No,3.92,11,20000,STU1682,95.0,No,Single,Software,Programming,Good,0,0,Good,0.10836280477957941,0.8916371952204206
2018,Male,24,2017,BCSE,14,No,No,3,3,Offline,Yes,Yes,5,Advance,95,Yes,No,No,Programming,2,Software,Relationship,No,Family,No,2.76,No,2.64,136,25000,STU1683,95.0,No,Relationship,Software,Programming,At Risk,1,1,At Risk,0.8728256932654216,0.8728256932654216
2019,Female,22,2018,BCSE,10,Yes,No,2,1,Offline,Yes,Yes,6,Intermediate,70,No,No,Yes,Python,1,Machine Learning,Single,Yes,Bachelor,Yes,3.52,No,3.78,112,62488,STU1684,70.0,Yes,Single,Machine Learning,Python,Good,0,0,Good,0.10384466447745497,0.896155335522545
2019,Male,23,2017,BCSE,11,Yes,No,3,2,Offline,No,Yes,1,Intermediate,90,No,No,No,Web development,3,Software,Relationship,Yes,Bachelor,No,4.0,No,3.9,123,25000,STU1685,90.0,No,Relationship,Software,Web Development,Good,0,0,Good,0.055189887412792994,0.944810112587207
2020,Male,23,2019,BCSE,8,Yes,Yes,3,1,Offline,Yes,Yes,3,Advance,90,No,No,No,Programming,2,Machine Learning,Single,No,Family,No,3.84,No,3.78,90,62488,STU1686,90.0,No,Single,Machine Learning,Programming,Good,0,0,Good,0.151260603744268,0.848739396255732
2019,Female,22,2018,BCSE,11,No,Yes,1,1,Offline,Yes,Yes,6,Intermediate,86,No,No,No,Programming,2,Software,Single,No,Family,No,3.44,No,3.46,125,300000,STU1687,86.0,No,Single,Software,Programming,Good,0,0,Good,0.18582802950375463,0.8141719704962453
2019,Male,21,2018,BCSE,10,No,Yes,3,3,Online,Yes,Yes,2,Basic,99,No,No,Yes,Programming,1,Software,Single,No,Bachelor,No,3.11,No,3.0,105,62488,STU1688,99.0,No,Single,Software,Programming,At Risk,1,1,At Risk,0.7720043857477223,0.7720043857477223
2022,Male,21,2020,BCSE,2,Yes,Yes,4,1,Offline,Yes,Yes,2,Basic,100,No,No,Yes,Programming,1,Software,Single,Yes,Bachelor,No,2.98,No,2.98,11,30000,STU1689,100.0,No,Single,Software,Programming,At Risk,1,1,At Risk,0.7454193346220395,0.7454193346220395
2022,Male,20,2020,BCSE,2,Yes,No,3,2,Offline,Yes,Yes,6,Basic,100,No,No,No,Programming,3,Software,Single,No,Bachelor,No,3.43,No,3.43,12,25000,STU1690,100.0,No,Single,Software,Programming,Good,0,0,Good,0.16715537845564202,0.832844621544358
2022,Male,21,2020,BCSE,2,Yes,No,9,3,Offline,Yes,Yes,3,Advance,90,No,No,Yes,Programming,2,Software,Single,Yes,Bachelor,No,3.98,No,3.98,28,40000,STU1691,90.0,No,Single,Software,Programming,Good,0,0,Good,0.13569688947282185,0.8643031105271781
2013,Female,26,2012,BCSE,9,No,Yes,2,2,Offline,Yes,Yes,2,Basic,90,Yes,No,Yes,Networking,3,NETWORKING,Married,Yes,Family,No,3.08,No,3.15,89,50000,STU1692,90.0,No,Married,Networking,Networking,At Risk,1,1,At Risk,0.8509565412186381,0.8509565412186381
2019,Female,22,2017,BCSE,11,No,No,2,2,Online,Yes,Yes,2,Intermediate,100,No,No,Yes,Programming,5,Machine Learning,Single,Yes,Family,Yes,3.1,No,3.16,122,20000,STU1693,100.0,Yes,Single,Machine Learning,Programming,At Risk,1,1,At Risk,0.6845846071653621,0.6845846071653621
2021,Male,19,2020,BCSE,4,No,Yes,3,2,Offline,Yes,Yes,1,Basic,95,Yes,No,No,Problem solving,1,Software,Single,No,Family,No,2.37,No,2.46,31,50000,STU1694,95.0,No,Single,Software,Problem Solving,At Risk,1,1,At Risk,0.9349084990759399,0.9349084990759399
2022,Male,20,2018,BCSE,1,Yes,No,4,2,Offline,Yes,Yes,2,Intermediate,85,No,No,No,Programming,2,Software,Single,Yes,Bachelor,No,0.0,No,0.0,0,30000,STU1695,85.0,No,Single,Software,Programming,At Risk,1,1,At Risk,0.9743956582633052,0.9743956582633052
2022,Male,21,2019,BCSE,2,Yes,No,1,2,Offline,Yes,Yes,2,Basic,90,No,No,No,Programming,1,Software,Single,No,Bachelor,No,3.58,No,3.58,12,40000,STU1696,90.0,No,Single,Software,Programming,Good,0,0,Good,0.14048692810941685,0.8595130718905831
2019,Male,22,2019,BCSE,8,Yes,Yes,4,2,Offline,Yes,Yes,3,Advance,100,No,Yes,Yes,Programming,4,NETWORKING,Single,Yes,Bachelor,Yes,3.36,Yes,3.47,87,80000,STU1697,100.0,Yes,Single,Networking,Programming,Good,0,0,Good,0.2793461214127546,0.7206538785872454
2022,Female,18,2021,BCSE,1,Yes,Yes,3,2,Offline,Yes,Yes,2,Advance,95,No,No,Yes,Haven't started yet,1,Software,Single,No,Family,No,0.0,No,0.0,0,150000,STU1698,95.0,No,Single,Software,None / Developing,At Risk,1,1,At Risk,0.9331558629372533,0.9331558629372533
2022,Female,20,2021,BCSE,1,Yes,No,2,2,Online,Yes,Yes,1,Intermediate,95,No,No,Yes,Haven't started yet,2,Software,Single,No,Family,No,0.0,No,0.0,0,45000,STU1699,95.0,No,Single,Software,None / Developing,At Risk,1,1,At Risk,0.9634372354862729,0.9634372354862729
2022,Male,19,2021,BCSE,1,Yes,Yes,4,2,Offline,Yes,Yes,2,Basic,62,No,No,Yes,Web development,2,Software,Single,Yes,Bachelor,No,0.0,No,0.0,0,20000,STU1700,62.0,No,Single,Software,Web Development,At Risk,1,1,At Risk,0.9307068181818181,0.9307068181818181
2021,Male,22,2020,BCSE,5,No,Yes,3,3,Offline,Yes,Yes,3,Intermediate,90,Yes,No,Yes,Programming,2,Software,Single,Yes,Bachelor,Yes,2.9,No,2.19,36,60000,STU1701,90.0,Yes,Single,Software,Programming,At Risk,1,1,At Risk,0.9080135419010315,0.9080135419010315
2022,Male,20,2019,BCSE,2,No,No,4,2,Offline,Yes,Yes,3,Intermediate,90,No,No,Yes,Programming,1,Software,Single,Yes,Bachelor,No,3.32,No,3.25,12,30000,STU1702,90.0,No,Single,Software,Programming,Good,0,0,Good,0.20131904077361631,0.7986809592263837
2020,Male,22,2019,BCSE,8,No,No,6,2,Offline,Yes,Yes,2,Intermediate,0,Yes,No,Yes,Programming,1,Software,Single,No,Bachelor,No,3.3,No,3.15,90,36000,STU1703,0.0,No,Single,Software,Programming,At Risk,1,1,At Risk,0.8589070168010265,0.8589070168010265
2019,Male,23,2017,BCSE,10,No,No,4,2,Offline,Yes,Yes,3,Intermediate,95,No,No,No,Programming,6,Software,Single,No,Bachelor,No,3.92,No,3.78,123,30000,STU1704,95.0,No,Single,Software,Programming,Good,0,0,Good,0.30776961177420525,0.6922303882257947
2014,Female,25,2013,BCSE,24,No,No,1,1,Online,Yes,Yes,12,Intermediate,80,Yes,Yes,Yes,Software Development,4,Software,Married,No,Family,Yes,2.8,Yes,2.5,115,20000,STU1705,80.0,Yes,Married,Software,Software Development,At Risk,1,1,At Risk,0.7975,0.7975
2022,Male,21,2020,BCSE,2,Yes,No,3,2,Online,Yes,No,3,Intermediate,98,Yes,No,Yes,Programming,2,Software,Single,Yes,Bachelor,No,3.33,No,2.9,12,20000,STU1706,98.0,No,Single,Software,Programming,At Risk,1,1,At Risk,0.8423480983664327,0.8423480983664327
2020,Male,22,2017,BCSE,8,Yes,No,3,2,Offline,Yes,Yes,1,Intermediate,87,No,No,No,Web development,3,Software,Single,No,Bachelor,No,3.54,No,3.4,87,30000,STU1707,87.0,No,Single,Software,Web Development,Good,0,0,Good,0.12089224063333219,0.8791077593666679
2020,Male,23,2018,BCSE,8,Yes,Yes,5,6,Offline,Yes,Yes,2,Intermediate,98,No,No,No,Programming,2,NETWORKING,Single,No,Bachelor,No,3.66,No,3.81,87,38000,STU1708,98.0,No,Single,Networking,Programming,Good,0,0,Good,0.0842075845978807,0.9157924154021193
2019,Male,24,2018,BCSE,11,No,No,2,2,Offline,Yes,Yes,2,Intermediate,80,No,No,Yes,Software Development,3,Software,Single,Yes,Bachelor,No,3.78,No,3.13,124,15000,STU1709,80.0,No,Single,Software,Software Development,At Risk,1,1,At Risk,0.7250164488330978,0.7250164488330978
2020,Male,21,2019,BCSE,8,No,No,5,4,Offline,Yes,Yes,3,Intermediate,99,No,No,Yes,Programming,1,Software,Single,Yes,Family,Yes,3.82,No,3.81,89,15000,STU1710,99.0,Yes,Single,Software,Programming,Good,0,0,Good,0.1865369607401083,0.8134630392598917
2019,Female,23,2018,BCSE,11,Yes,Yes,4,1,Offline,Yes,Yes,1,Intermediate,95,No,No,Yes,Networking,4,NETWORKING,Single,Yes,Bachelor,Yes,4.0,No,3.93,118,50000,STU1711,95.0,Yes,Single,Networking,Networking,Good,0,0,Good,0.08571241661192469,0.9142875833880753
2022,Male,19,2020,BCSE,2,Yes,No,4,2,Offline,Yes,Yes,1,Basic,80,No,No,Yes,Programming,2,Software,Single,Yes,Bachelor,Yes,3.54,No,3.54,11,20000,STU1712,80.0,Yes,Single,Software,Programming,Good,0,0,Good,0.12021220118792872,0.8797877988120713
2022,Male,21,2019,BCSE,2,Yes,No,4,2,Offline,Yes,Yes,2,Basic,95,No,No,Yes,Programming,2,Software,Single,No,Bachelor,No,2.55,No,2.55,11,20000,STU1713,95.0,No,Single,Software,Programming,At Risk,1,1,At Risk,0.8025725517942779,0.8025725517942779
2018,Male,25,2016,BCSE,12,Yes,No,3,2,Offline,Yes,Yes,2,Advance,90,No,No,No,Web development,2,Software,Single,No,Bachelor,Yes,3.4,Yes,3.4,136,12000,STU1714,90.0,Yes,Single,Software,Web Development,Good,0,0,Good,0.08072135548826363,0.9192786445117364
2019,Female,22,2017,BCSE,11,No,No,3,1,Online,Yes,Yes,5,Intermediate,90,No,No,No,Software Development,2,Software,Single,No,Bachelor,No,3.65,No,3.59,126,30000,STU1715,90.0,No,Single,Software,Software Development,Good,0,0,Good,0.19281795069726296,0.8071820493027371
2020,Female,21,2019,BCSE,8,Yes,Yes,3,2,Offline,Yes,Yes,4,Intermediate,94,No,No,No,Programming,2,Machine Learning,Single,No,Family,No,3.62,No,3.62,85,30000,STU1716,94.0,No,Single,Machine Learning,Programming,Good,0,0,Good,0.07441262665144394,0.925587373348556
2019,Male,20,2018,BCSE,9,No,Yes,2,2,Offline,Yes,Yes,1,Basic,90,No,No,No,Learning frontend,1,NETWORKING,Single,No,Family,No,3.7,No,3.45,101,30000,STU1717,90.0,No,Single,Networking,Learning Frontend,Good,0,0,Good,0.22717787158152947,0.7728221284184705
2020,Female,21,2019,BCSE,7,Yes,Yes,3,2,Online,Yes,Yes,2,Intermediate,95,No,No,Yes,Programming,1,Software,Single,Yes,Family,No,3.5,No,3.5,89,55000,STU1718,95.0,No,Single,Software,Programming,Good,0,0,Good,0.10645091833099261,0.8935490816690074
2022,Male,21,2020,BCSE,2,Yes,Yes,5,2,Online,Yes,Yes,3,Intermediate,100,No,No,Yes,Programming,4,Competitive programming,Single,No,Family,No,3.48,No,3.48,11,50000,STU1719,100.0,No,Single,Programming,Programming,Good,0,0,Good,0.1853649881393144,0.8146350118606855
2019,Male,22,2018,BCSE,10,No,No,3,2,Offline,Yes,No,3,Intermediate,100,No,No,Yes,Networking,2,NETWORKING,Relationship,Yes,Bachelor,No,3.01,No,2.92,112,50000,STU1720,100.0,No,Relationship,Networking,Networking,At Risk,1,1,At Risk,0.5648796900783827,0.5648796900783827
2018,Male,25,2016,BCSE,11,Yes,Yes,4,2,Offline,Yes,Yes,3,Intermediate,100,No,No,Yes,Web development,2,Software,Single,Yes,Family,No,3.86,No,3.56,129,60000,STU1721,100.0,No,Single,Software,Web Development,Good,0,0,Good,0.14930700892795307,0.8506929910720469
2019,Male,23,2017,BCSE,10,Yes,Yes,4,4,Online,Yes,Yes,10,Intermediate,98,No,No,Yes,Programming,2,Software,Relationship,No,Family,No,3.38,No,3.81,117,15000,STU1722,98.0,No,Relationship,Software,Programming,Good,0,0,Good,0.13752138104990505,0.8624786189500949
2020,Female,22,2019,BCSE,8,Yes,Yes,5,1,Offline,Yes,Yes,2,Intermediate,90,No,No,Yes,Programming,1,Software,Married,No,Family,No,3.07,No,3.42,75,500000,STU1723,90.0,No,Married,Software,Programming,Good,0,0,Good,0.20927198429144692,0.7907280157085531
2019,Female,23,2017,BCSE,11,Yes,Yes,3,2,Offline,Yes,Yes,5,Intermediate,96,No,No,No,Programming,3,NETWORKING,Single,No,Family,No,3.59,No,3.56,119,20000,STU1724,96.0,No,Single,Networking,Programming,Good,0,0,Good,0.12174055110437773,0.8782594488956222
2019,Male,25,2017,BCSE,11,No,No,2,1,Offline,Yes,Yes,6,Intermediate,90,No,No,Yes,Programming,4,Software,Single,Yes,Bachelor,No,2.59,No,3.06,130,50000,STU1725,90.0,No,Single,Software,Programming,At Risk,1,1,At Risk,0.6951804281643384,0.6951804281643384
2019,Male,23,2018,BCSE,11,No,No,2,3,Offline,Yes,Yes,2,Intermediate,99,Yes,No,No,Web development,0,Hardware,Single,No,Bachelor,No,3.3,No,3.24,130,15000,STU1726,99.0,No,Single,Hardware,Web Development,Good,0,0,Good,0.2606045573704376,0.7393954426295624
2019,Female,22,2018,BCSE,11,Yes,Yes,4,4,Offline,Yes,Yes,10,Intermediate,99,No,No,Yes,Web development,2,NETWORKING,Single,Yes,Family,No,3.72,No,3.78,127,62488,STU1727,99.0,No,Single,Networking,Web Development,Good,0,0,Good,0.11986023586952625,0.8801397641304738
2022,Male,19,2020,BCSE,1,Yes,Yes,3,2,Offline,Yes,Yes,2,Basic,100,No,No,Yes,Programming,1,Software,Single,No,Family,No,3.9,No,3.9,11,40000,STU1728,100.0,No,Single,Software,Programming,Good,0,0,Good,0.18188460412128102,0.818115395878719
2018,Male,23,2016,BCSE,13,No,No,2,2,Offline,Yes,Yes,5,Basic,75,Yes,Yes,Yes,Programming,1,Hardware,Single,Yes,Bachelor,No,2.55,No,2.65,120,20000,STU1729,75.0,No,Single,Hardware,Programming,At Risk,1,1,At Risk,0.9037964053490368,0.9037964053490368
2021,Male,20,2020,BCSE,4,Yes,No,4,2,Offline,Yes,Yes,2,Basic,85,No,No,No,Programming,3,Software,Single,No,Bachelor,No,3.0,No,2.8,36,20000,STU1730,85.0,No,Single,Software,Programming,At Risk,1,1,At Risk,0.6679990911562248,0.6679990911562248
2021,Male,22,2021,BCSE,4,Yes,No,4,2,Online,Yes,Yes,2,Basic,80,Yes,No,Yes,Programming,1,Software,Single,No,Bachelor,No,2.0,No,2.59,24,25000,STU1731,80.0,No,Single,Software,Programming,At Risk,1,1,At Risk,0.9899736563852136,0.9899736563852136
2019,Female,22,2018,BCSE,11,Yes,No,5,2,Offline,Yes,Yes,2,Intermediate,95,No,No,Yes,Programming,4,Software,Single,No,Bachelor,Yes,3.96,No,3.9,135,200000,STU1732,95.0,Yes,Single,Software,Programming,Good,0,0,Good,0.0689192674507676,0.9310807325492324
2022,Male,20,2020,BCSE,2,Yes,Yes,2,2,Offline,Yes,Yes,1,Intermediate,80,No,No,Yes,Programming,1,Software,Single,No,Bachelor,No,3.7,No,3.7,10,25000,STU1733,80.0,No,Single,Software,Programming,Good,0,0,Good,0.19513374737913164,0.8048662526208683
2022,Male,19,2020,BCSE,1,No,No,5,2,Online,Yes,Yes,7,Basic,90,No,No,No,Programming,3,Software,Single,No,Family,No,3.3,No,3.3,11,35000,STU1734,90.0,No,Single,Software,Programming,Good,0,0,Good,0.20630455919298496,0.793695440807015
2020,Male,22,2019,BCSE,7,No,No,5,2,Offline,Yes,Yes,2,Intermediate,95,No,No,No,Programming,2,Software,Single,Yes,Bachelor,Yes,3.2,No,3.51,90,62488,STU1735,95.0,Yes,Single,Software,Programming,Good,0,0,Good,0.3016395654176951,0.6983604345823049
2021,Male,21,2020,BCSE,3,Yes,Yes,4,2,Offline,Yes,Yes,3,Intermediate,90,No,No,Yes,Web development,4,Software,Single,No,Family,No,3.57,No,3.67,23,35000,STU1736,90.0,No,Single,Software,Web Development,Good,0,0,Good,0.15557850283094016,0.8444214971690598
2019,Female,22,2018,BCSE,11,No,Yes,3,2,Offline,Yes,Yes,1,Intermediate,100,No,No,Yes,Programming,1,Software,Single,Yes,Family,No,3.37,No,3.11,140,40000,STU1737,100.0,No,Single,Software,Programming,At Risk,1,1,At Risk,0.5670105812584054,0.5670105812584054
2021,Male,21,2020,BCSE,3,Yes,No,4,2,Offline,Yes,Yes,1,Advance,97,Yes,No,Yes,Programming,2,Software,Single,Yes,Bachelor,No,3.17,No,2.85,20,30000,STU1738,97.0,No,Single,Software,Programming,At Risk,1,1,At Risk,0.8361799789972088,0.8361799789972088
2022,Male,19,2020,BCSE,1,No,No,1,1,Offline,Yes,Yes,1,Basic,90,No,No,Yes,Programming,1,Software,Single,No,Bachelor,No,3.5,No,3.45,11,10000,STU1739,90.0,No,Single,Software,Programming,Good,0,0,Good,0.22726524258506825,0.7727347574149317
2022,Male,20,2020,BCSE,1,No,No,4,2,Offline,Yes,Yes,1,Basic,90,No,No,Yes,Programming,3,Software,Single,No,Bachelor,No,3.78,No,3.78,28,25000,STU1740,90.0,No,Single,Software,Programming,Good,0,0,Good,0.10237147770478341,0.8976285222952166
2019,Male,25,2017,BCSE,10,Yes,Yes,2,2,Offline,Yes,Yes,1,Intermediate,87,No,No,Yes,Programming,3,Software,Single,Yes,Bachelor,Yes,3.9,No,3.59,128,40000,STU1741,87.0,Yes,Single,Software,Programming,Good,0,0,Good,0.0793847404684105,0.9206152595315895
2021,Male,21,2020,BCSE,3,No,Yes,4,2,Offline,Yes,Yes,4,Intermediate,50,No,No,No,Programming,1,Software,Single,No,Family,No,2.94,No,2.5,23,62488,STU1742,50.0,No,Single,Software,Programming,At Risk,1,1,At Risk,0.7592149171464955,0.7592149171464955
2021,Female,21,2020,BCSE,5,Yes,Yes,3,2,Offline,Yes,Yes,5,Basic,80,No,No,No,Programming,2,Software,Single,No,Family,No,2.89,No,2.8,65,20000,STU1743,80.0,No,Single,Software,Programming,At Risk,1,1,At Risk,0.6983194360860436,0.6983194360860436
2021,Female,22,2020,BCSE,4,No,No,4,2,Offline,Yes,Yes,2,Intermediate,90,No,No,No,Programming,1,Software,Single,No,Bachelor,No,1.8,No,2.56,23,20000,STU1744,90.0,No,Single,Software,Programming,At Risk,1,1,At Risk,0.8350689887864802,0.8350689887864802
2020,Female,22,2019,BCSE,8,No,No,4,3,Online,Yes,Yes,3,Intermediate,85,No,No,No,Programming,4,Hardware,Single,No,Bachelor,No,2.78,No,3.75,78,30000,STU1745,85.0,No,Single,Hardware,Programming,Good,0,0,Good,0.2837277833084877,0.7162722166915123
2022,Female,20,2021,BCSE,6,No,No,1,2,Offline,Yes,No,2,Basic,100,Yes,No,Yes,Programming,4,Data Science,Single,No,Family,No,1.45,No,2.38,50,30000,STU1746,100.0,No,Single,Data Science,Programming,At Risk,1,1,At Risk,0.899090909090909,0.899090909090909
2019,Female,25,2018,BCSE,10,No,No,5,3,Online,Yes,Yes,2,Intermediate,100,No,No,Yes,Cyber security,2,Data Science,Relationship,Yes,Bachelor,No,2.45,No,3.54,116,34000,STU1747,100.0,No,Relationship,Data Science,Cyber Security,Good,0,0,Good,0.433739063423101,0.566260936576899
2019,Male,23,2019,BCSE,10,Yes,No,6,3,Offline,Yes,No,4,Advance,80,No,No,No,Programming,1,Software,Single,Yes,Family,No,1.45,No,2.45,116,35000,STU1748,80.0,No,Single,Software,Programming,At Risk,1,1,At Risk,0.7830557457447702,0.7830557457447702
2021,Female,20,2019,BCSE,6,No,No,3,2,Offline,Yes,Yes,7,Intermediate,100,No,No,No,Machine Learning,2,Hardware,Single,No,Family,No,2.0,No,3.19,78,35000,STU1749,100.0,No,Single,Hardware,Machine Learning,At Risk,1,1,At Risk,0.849187142707558,0.849187142707558
2020,Male,24,2018,BCSE,11,Yes,No,1,2,Offline,Yes,Yes,8,Advance,100,No,No,Yes,Programming,2,Hardware,Single,No,Bachelor,No,2.89,No,3.99,140,36000,STU1750,100.0,No,Single,Hardware,Programming,Good,0,0,Good,0.10844198974275701,0.891558010257243
2020,Female,20,2019,BCSE,10,No,No,2,1,Offline,Yes,Yes,8,Intermediate,70,No,No,Yes,Cyber security,1,Data Science,Relationship,No,Bachelor,No,2.88,No,3.75,116,36000,STU1751,70.0,No,Relationship,Data Science,Cyber Security,Good,0,1,At Risk,0.5427019611195728,0.5427019611195728
2021,Male,20,2020,BCSE,7,No,No,3,2,Offline,Yes,Yes,7,Basic,60,Yes,No,Yes,Programming,2,Software,Single,Yes,Bachelor,No,1.87,No,2.98,101,37000,STU1752,60.0,No,Single,Software,Programming,At Risk,1,1,At Risk,0.9815047021943574,0.9815047021943574
2020,Male,20,2020,BCSE,9,No,No,1,1,Offline,Yes,No,3,Advance,54,Yes,No,Yes,Networking,3,Hardware,Single,Yes,Family,No,2.44,No,3.53,127,39000,STU1753,54.0,No,Single,Hardware,Networking,Good,0,0,Good,0.15067406980966302,0.849325930190337
2019,Female,22,2019,BCSE,10,No,No,4,2,Offline,Yes,No,2,Intermediate,90,No,No,Yes,Programming,1,Software,Single,No,Family,Yes,2.8,No,3.65,126,40000,STU1754,90.0,Yes,Single,Software,Programming,Good,0,0,Good,0.2505581193693477,0.7494418806306523
2019,Male,21,2019,BCSE,7,No,No,6,3,Online,Yes,Yes,2,Intermediate,100,No,No,Yes,Programming,2,Artificial Intelligence,Single,No,Family,No,2.11,No,3.47,103,40000,STU1755,100.0,No,Single,Artificial Intelligence,Programming,Good,0,0,Good,0.26477277530195414,0.7352272246980458
2022,Male,22,2021,BCSE,5,No,No,4,1,Offline,Yes,Yes,3,Advance,87,No,No,No,Machine Learning,2,Data Science,Married,No,Bachelor,No,2.37,No,3.49,67,41000,STU1756,87.0,No,Married,Data Science,Machine Learning,Good,0,0,Good,0.2980112064444681,0.7019887935555319
2021,Male,23,2019,BCSE,9,No,No,3,1,Offline,Yes,Yes,3,Intermediate,87,Yes,No,No,Networking,2,Hardware,Married,No,Family,No,2.75,No,3.8,116,44000,STU1757,87.0,No,Married,Hardware,Networking,Good,0,0,Good,0.1386036922015183,0.8613963077984816
2021,Female,21,2020,BCSE,9,No,No,3,2,Online,Yes,Yes,4,Intermediate,100,No,No,Yes,Cyber security,3,Software,Relationship,No,Bachelor,No,1.98,No,2.91,117,44000,STU1758,100.0,No,Relationship,Software,Cyber Security,At Risk,1,1,At Risk,0.7839023728829256,0.7839023728829256
2020,Female,20,2020,BCSE,11,No,No,2,1,Online,Yes,Yes,3,Intermediate,100,No,No,Yes,Networking,2,Hardware,Single,Yes,Family,No,2.64,No,3.7,136,44000,STU1759,100.0,No,Single,Hardware,Networking,Good,0,0,Good,0.1846052400483537,0.8153947599516462
2019,Male,22,2018,BCSE,9,No,No,6,2,Online,Yes,Yes,11,Intermediate,77,No,No,No,Networking,6,UI/UX,Single,Yes,Bachelor,No,1.77,No,2.66,133,45000,STU1760,77.0,No,Single,UI/UX Design,Networking,At Risk,1,1,At Risk,0.8137101668537838,0.8137101668537838
2022,Female,21,2020,BCSE,5,No,No,4,2,Offline,Yes,Yes,7,Intermediate,95,No,No,No,Programming,1,Data Science,Single,Yes,Family,No,2.19,No,2.77,42,45000,STU1761,95.0,No,Single,Data Science,Programming,At Risk,1,1,At Risk,0.6542884925399614,0.6542884925399614
2021,Male,22,2020,BCSE,6,Yes,No,5,5,Online,Yes,Yes,7,Advance,70,Yes,Yes,Yes,Web development,3,Hardware,Relationship,Yes,Bachelor,No,2.19,No,3.19,63,45000,STU1762,70.0,No,Relationship,Hardware,Web Development,At Risk,1,1,At Risk,0.6425219298245614,0.6425219298245614
2020,Female,20,2020,BCSE,8,No,No,3,1,Online,Yes,Yes,9,Intermediate,86,Yes,No,No,Programming,2,Data Science,Single,No,Bachelor,Yes,1.98,No,2.98,119,45000,STU1763,86.0,Yes,Single,Data Science,Programming,At Risk,1,1,At Risk,0.95,0.95
2021,Female,20,2020,BCSE,9,No,No,4,2,Offline,Yes,Yes,2,Intermediate,78,Yes,No,No,Machine Learning,4,Data Science,Relationship,Yes,Family,No,1.83,No,2.9,97,45000,STU1764,78.0,No,Relationship,Data Science,Machine Learning,At Risk,1,1,At Risk,0.7887277412843872,0.7887277412843872
2020,Female,21,2019,BCSE,9,No,No,3,1,Online,Yes,Yes,9,Intermediate,100,No,No,Yes,Web development,2,Software,In a relationship,No,Bachelor,No,1.87,No,2.82,139,46000,STU1765,100.0,No,Relationship,Software,Web Development,At Risk,1,1,At Risk,0.8342147295612709,0.8342147295612709
2020,Female,25,2019,BCSE,11,No,No,1,1,Online,Yes,Yes,3,Intermediate,68,No,No,No,Programming,2,UI/UX,Single,No,Bachelor,No,2.65,No,3.71,136,49000,STU1766,68.0,No,Single,UI/UX Design,Programming,Good,0,0,Good,0.14642710875522844,0.8535728912447715
2020,Female,23,2018,BCSE,11,Yes,No,6,2,Offline,Yes,Yes,4,Advance,90,Yes,No,Yes,Programming,5,Software,Single,No,Family,No,2.19,No,3.45,122,50000,STU1767,90.0,No,Single,Software,Programming,Good,0,0,Good,0.2761830409356725,0.7238169590643275
2022,Male,24,2019,BCSE,4,Yes,No,3,2,Offline,Yes,Yes,4,Intermediate,100,No,No,Yes,Networking,1,Software,Single,No,Family,No,2.5,No,3.4,46,50000,STU1768,100.0,No,Single,Software,Networking,Good,0,0,Good,0.29397209817940106,0.7060279018205989
2020,Male,25,2019,BCSE,11,No,No,2,1,Offline,Yes,Yes,3,Intermediate,100,Yes,No,No,Networking,4,Hardware,Relationship,No,Bachelor,No,2.82,No,3.85,136,50000,STU1769,100.0,No,Relationship,Hardware,Networking,Good,0,0,Good,0.09387545404786785,0.9061245459521321
2020,Female,22,2020,BCSE,8,No,No,2,1,Online,Yes,Yes,2,Basic,50,Yes,No,No,Cyber security,2,Data Science,Relationship,No,Bachelor,No,1.34,No,2.68,98,50000,STU1770,50.0,No,Relationship,Data Science,Cyber Security,At Risk,1,1,At Risk,0.8229149529964747,0.8229149529964747
2022,Female,19,2021,BCSE,5,No,No,1,1,Offline,Yes,Yes,4,Basic,78,No,No,Yes,Programming,2,UI/UX,Single,No,Bachelor,No,2.68,No,3.79,80,50000,STU1771,78.0,No,Single,UI/UX Design,Programming,Good,0,0,Good,0.2712398799572376,0.7287601200427625
2019,Female,22,2017,BCSE,10,No,No,2,1,Online,Yes,Yes,1,Intermediate,80,Yes,No,No,Networking,1,Data Science,Relationship,Yes,Family,no,1.97,No,2.98,79,52000,STU1772,80.0,No,Relationship,Data Science,Networking,At Risk,1,1,At Risk,0.8685750915750917,0.8685750915750917
2021,Female,20,2020,BCSE,9,Yes,No,5,2,Offline,Yes,Yes,3,Advance,100,No,No,No,Web development,4,Data Science,Single,No,Family,No,2.76,No,3.86,127,52000,STU1773,100.0,No,Single,Data Science,Web Development,Good,0,0,Good,0.07302295058417534,0.9269770494158247
2019,Female,25,2019,BCSE,10,No,No,4,2,Offline,Yes,Yes,7,Advance,45,No,No,Yes,Programming,2,Software,Single,Yes,Family,No,1.72,No,2.79,140,54000,STU1774,45.0,No,Single,Software,Programming,At Risk,1,1,At Risk,0.8025764779596049,0.8025764779596049
2020,Male,21,2020,BCSE,10,No,No,2,2,Offline,Yes,Yes,2,Basic,100,No,No,No,Cyber security,4,Data Science,Single,Yes,Bachelor,No,2.62,No,3.75,136,55000,STU1775,100.0,No,Single,Data Science,Cyber Security,Good,0,0,Good,0.20992825546042074,0.7900717445395793
2021,Female,20,2020,BCSE,7,No,No,2,1,Offline,Yes,Yes,2,Advance,87,No,No,No,Networking,4,Hardware,Relationship,No,Bachelor,No,1.51,No,2.59,99,55000,STU1776,87.0,No,Relationship,Hardware,Networking,At Risk,1,1,At Risk,0.8405410565893976,0.8405410565893976
2022,Female,22,2021,BCSE,5,No,No,2,3,Offline,Yes,No,2,Intermediate,95,Yes,No,No,Networking,2,Hardware,Single,No,Bachelor,No,1.45,No,2.53,65,55000,STU1777,95.0,No,Single,Hardware,Networking,At Risk,1,1,At Risk,0.8947403846153845,0.8947403846153845
2022,Male,21,2021,BCSE,5,No,No,2,1,Offline,Yes,No,4,Intermediate,100,No,No,No,Machine Learning,2,UI/UX,Single,No,Bachelor,No,2.16,No,3.24,66,57000,STU1778,100.0,No,Single,UI/UX Design,Machine Learning,Good,0,0,Good,0.39142834211272337,0.6085716578872766
2022,Male,21,2021,BCSE,6,No,No,2,1,Offline,Yes,Yes,2,Intermediate,100,Yes,No,No,Web development,2,Software,Married,Yes,Family,No,2.56,No,3.62,65,58000,STU1779,100.0,No,Married,Software,Web Development,Good,0,0,Good,0.21903242070077766,0.7809675792992223
2019,Male,21,2018,BCSE,11,Yes,No,1,1,Offline,Yes,Yes,7,Advance,100,No,No,Yes,Programming,3,UI/UX,Single,No,Bachelor,No,1.97,No,3.1,136,59000,STU1780,100.0,No,Single,UI/UX Design,Programming,At Risk,1,1,At Risk,0.7610268049772366,0.7610268049772366
2020,Female,23,2019,BCSE,7,No,No,2,2,Offline,Yes,Yes,3,Intermediate,90,Yes,No,No,Networking,1,Data Science,Relationship,Yes,Family,No,2.33,No,3.31,32,60000,STU1781,90.0,No,Relationship,Data Science,Networking,Good,0,0,Good,0.16257739160909487,0.8374226083909051
2020,Female,20,2020,BCSE,11,No,No,2,1,Offline,Yes,Yes,3,Intermediate,100,Yes,No,No,Networking,2,Hardware,Single,No,Bachelor,No,1.6,No,2.68,136,60000,STU1782,100.0,No,Single,Hardware,Networking,At Risk,1,1,At Risk,0.8617619047619047,0.8617619047619047
2021,Male,20,2021,BCSE,7,No,No,4,3,Offline,Yes,Yes,6,Intermediate,80,No,No,No,Machine Learning,3,Hardware,Relationship,Yes,Bachelor,No,2.11,No,3.22,97,60000,STU1783,80.0,No,Relationship,Hardware,Machine Learning,Good,0,0,Good,0.1981620339521364,0.8018379660478636
2021,Female,20,2021,BCSE,7,No,No,3,1,Online,Yes,Yes,7,Basic,100,Yes,Yes,No,Programming,2,Software,Single,Yes,Bachelor,No,1.19,No,2.16,103,60000,STU1784,100.0,No,Single,Software,Programming,At Risk,1,1,At Risk,0.8190909090909091,0.8190909090909091
2020,Male,21,2019,BCSE,9,No,No,4,2,Online,Yes,Yes,5,Advance,100,No,No,Yes,Machine Learning,2,Software,Single,No,Bachelor,No,2.65,No,3.78,121,61000,STU1785,100.0,No,Single,Software,Machine Learning,Good,0,0,Good,0.24893403418676677,0.7510659658132333
2020,Male,20,2020,BCSE,10,No,No,2,2,Offline,Yes,Yes,2,Intermediate,100,Yes,No,Yes,Artificial Intelligence,1,Data Science,Relationship,Yes,Bachelor,No,2.67,No,3.7,135,61000,STU1786,100.0,No,Relationship,Data Science,Artificial Intelligence,Good,0,0,Good,0.08255450397555661,0.9174454960244434
2020,Male,24,2019,BCSE,11,No,No,3,3,Online,Yes,Yes,3,Intermediate,46,Yes,No,No,Cyber security,2,Data Science,Single,No,Family,No,2.44,No,3.51,144,64000,STU1787,46.0,No,Single,Data Science,Cyber Security,Good,0,0,Good,0.1358135073175641,0.8641864926824359
2020,Male,24,2019,BCSE,11,No,No,3,3,Offline,Yes,Yes,3,Advance,75,Yes,No,Yes,Networking,1,Hardware,Relationship,Yes,Bachelor,No,1.65,No,2.68,143,65000,STU1788,75.0,No,Relationship,Hardware,Networking,At Risk,1,1,At Risk,0.922896551724138,0.922896551724138
2020,Male,25,2019,BCSE,10,No,No,2,2,Offline,Yes,Yes,3,Intermediate,78,No,No,No,Cyber security,2,Data Science,Single,Yes,Bachelor,No,2.54,No,3.61,78,65000,STU1789,78.0,No,Single,Data Science,Cyber Security,Good,0,0,Good,0.44317064610074375,0.5568293538992563
2020,Male,20,2020,BCSE,11,No,No,2,1,Online,Yes,Yes,2,Advance,100,Yes,No,No,Cyber security,2,Data Science,Married,Yes,Family,No,2.5,No,3.61,136,65000,STU1790,100.0,No,Married,Data Science,Cyber Security,Good,0,0,Good,0.13904340104340104,0.8609565989565989
2021,Female,20,2020,BCSE,6,No,No,4,2,Online,Yes,Yes,8,Intermediate,100,No,No,No,Web development,2,Software,Relationship,Yes,Family,No,2.07,No,3.39,84,66000,STU1791,100.0,No,Relationship,Software,Web Development,Good,0,0,Good,0.22991465067973862,0.7700853493202614
2020,Female,20,2020,BCSE,8,No,No,4,2,Online,Yes,Yes,6,Advance,100,No,No,Yes,Web development,1,UI/UX,Single,No,Family,No,1.77,No,2.64,119,66000,STU1792,100.0,No,Single,UI/UX Design,Web Development,At Risk,1,1,At Risk,0.8571498360649948,0.8571498360649948
2021,Male,20,2020,BCSE,7,Yes,No,3,1,Offline,Yes,Yes,5,Intermediate,90,No,No,No,Networking,2,Hardware,Single,No,Bachelor,No,2.11,No,3.21,102,66000,STU1793,90.0,No,Single,Hardware,Networking,Good,0,0,Good,0.14661365596348375,0.8533863440365163
2022,Female,21,2021,BCSE,5,No,No,2,1,Offline,Yes,No,2,Intermediate,46,Yes,No,Yes,Artificial Intelligence,4,Data Science,Single,Yes,Bachelor,No,2.33,No,3.41,63,66000,STU1794,46.0,No,Single,Data Science,Artificial Intelligence,Good,0,0,Good,0.16473970473970476,0.8352602952602952
2022,Female,20,2021,BCSE,5,No,No,3,1,Offline,Yes,Yes,3,Basic,100,Yes,No,Yes,Web development,4,Software,Relationship,Yes,Bachelor,No,2.77,No,3.84,58,66000,STU1795,100.0,No,Relationship,Software,Web Development,Good,0,0,Good,0.208283046429743,0.7917169535702571
2019,Male,21,2018,BCSE,11,Yes,No,4,4,Offline,Yes,Yes,2,Advance,100,No,No,Yes,Programming,3,Software,Single,No,Family,No,2.87,No,3.98,136,67000,STU1796,100.0,No,Single,Software,Programming,Good,0,0,Good,0.2453034095684098,0.7546965904315902
2019,Male,22,2017,BCSE,10,No,No,3,1,Online,Yes,Yes,7,Intermediate,100,No,No,No,Web development,2,Software,Single,No,Bachelor,No,2.19,No,3.43,116,68000,STU1797,100.0,No,Single,Software,Web Development,Good,0,0,Good,0.18521642271377106,0.814783577286229
2020,Male,22,2019,BCSE,10,No,No,2,1,Offline,Yes,Yes,8,Advance,100,No,No,Yes,Artificial Intelligence,2,Hardware,Single,No,Family,No,2.11,No,3.39,132,68000,STU1798,100.0,No,Single,Hardware,Artificial Intelligence,Good,0,0,Good,0.16776866855565134,0.8322313314443487
2020,Male,25,2019,BCSE,11,No,No,1,2,Offline,Yes,Yes,2,Intermediate,51,No,No,Yes,Artificial Intelligence,4,Data Science,Single,Yes,Bachelor,Yes,2.51,No,3.57,136,68000,STU1799,51.0,Yes,Single,Data Science,Artificial Intelligence,Good,0,0,Good,0.1623863341395546,0.8376136658604454
2020,Male,22,2019,BCSE,9,No,No,3,2,Online,Yes,Yes,3,Basic,100,No,No,No,Networking,2,Hardware,Single,Yes,Bachelor,No,2.22,No,3.38,100,68000,STU1800,100.0,No,Single,Hardware,Networking,Good,0,0,Good,0.15744774859296518,0.8425522514070348
2021,Female,20,2020,BCSE,8,No,No,2,2,Offline,Yes,Yes,2,Intermediate,34,Yes,No,No,Cyber security,3,Data Science,Single,No,Bachelor,No,1.86,No,2.91,88,68000,STU1801,34.0,No,Single,Data Science,Cyber Security,At Risk,1,1,At Risk,0.940484397440919,0.940484397440919
2021,Female,22,2021,BCSE,9,No,No,1,1,Offline,Yes,No,8,Basic,50,No,No,No,Artificial Intelligence,1,Data Science,Married,Yes,Family,No,1.87,No,2.95,100,68000,STU1802,50.0,No,Married,Data Science,Artificial Intelligence,At Risk,1,1,At Risk,0.8342857142857143,0.8342857142857143
2022,Female,21,2021,BCSE,8,Yes,No,5,2,Online,Yes,Yes,3,Basic,87,No,No,Yes,Cyber security,2,Data Science,Single,No,Bachelor,No,2.88,No,3.91,88,68000,STU1803,87.0,No,Single,Data Science,Cyber Security,Good,0,0,Good,0.2616940664502526,0.7383059335497474
2020,Female,23,2018,BCSE,10,No,No,3,3,Online,Yes,Yes,6,Intermediate,99,Yes,Yes,No,Web development,1,Data Science,Single,No,Family,No,1.91,No,3.1,123,70000,STU1804,99.0,No,Single,Data Science,Web Development,At Risk,1,1,At Risk,0.8779208472686733,0.8779208472686733
2021,Female,20,2020,BCSE,8,No,No,3,3,Online,Yes,Yes,2,Intermediate,100,No,No,No,Programming,2,UI/UX,Relationship,No,Family,No,1.81,No,2.9,101,70000,STU1805,100.0,No,Relationship,UI/UX Design,Programming,At Risk,1,1,At Risk,0.8483797747548284,0.8483797747548284
2022,Male,20,2020,BCSE,6,No,No,2,2,Offline,Yes,Yes,2,Intermediate,56,Yes,No,Yes,Programming,2,UI/UX,Single,No,Family,Yes,1.72,No,2.8,80,70000,STU1806,56.0,Yes,Single,UI/UX Design,Programming,At Risk,1,1,At Risk,0.9552428989139514,0.9552428989139514
2021,Female,20,2020,BCSE,9,No,No,1,1,Offline,Yes,Yes,3,Intermediate,76,No,No,Yes,Web development,2,Software,Relationship,No,Bachelor,No,1.56,No,2.63,70,70000,STU1807,76.0,No,Relationship,Software,Web Development,At Risk,1,1,At Risk,0.8129746857292514,0.8129746857292514
2021,Female,24,2021,BCSE,6,No,No,1,1,Offline,Yes,Yes,4,Basic,100,No,No,No,Programming,2,Software,Single,Yes,Family,Yes,2.23,No,3.39,98,70000,STU1808,100.0,Yes,Single,Software,Programming,Good,0,0,Good,0.36721821798641235,0.6327817820135877
2022,Female,21,2021,BCSE,6,No,No,2,1,Offline,Yes,Yes,3,Intermediate,100,Yes,No,Yes,Networking,2,Hardware,Relationship,No,Bachelor,No,2.67,No,3.74,70,70000,STU1809,100.0,No,Relationship,Hardware,Networking,Good,0,0,Good,0.3144186507936508,0.6855813492063492
2022,Female,19,2022,BCSE,3,No,No,4,3,Online,Yes,Yes,4,Intermediate,63,No,No,No,Web development,2,Software,Relationship,No,Bachelor,Yes,1.65,No,2.87,35,70000,STU1810,63.0,Yes,Relationship,Software,Web Development,At Risk,1,1,At Risk,0.9388420765008831,0.9388420765008831
2021,Female,20,2020,BCSE,9,No,No,2,1,Online,Yes,Yes,6,Advance,90,No,No,Yes,Machine Learning,2,Software,Relationship,No,Family,No,2.44,No,3.88,23,71000,STU1811,90.0,No,Relationship,Software,Machine Learning,Good,0,0,Good,0.2829864636149433,0.7170135363850567
2022,Male,20,2021,BCSE,6,No,No,4,2,Offline,Yes,Yes,3,Intermediate,68,Yes,No,No,Networking,4,Hardware,Married,Yes,Family,No,1.56,No,2.63,70,74000,STU1812,68.0,No,Married,Hardware,Networking,At Risk,1,1,At Risk,0.8791071428571428,0.8791071428571428
2020,Female,21,2019,BCSE,10,No,No,6,2,Offline,Yes,Yes,4,Intermediate,80,No,No,No,Networking,4,Hardware,Relationship,No,Bachelor,Yes,2.21,No,3.21,116,75000,STU1813,80.0,Yes,Relationship,Hardware,Networking,Good,0,0,Good,0.10215540724878139,0.8978445927512186
2020,Male,20,2020,BCSE,11,No,No,1,3,Offline,Yes,Yes,3,Intermediate,100,No,No,No,Networking,1,Hardware,Relationship,No,Bachelor,No,2.61,No,3.68,136,75000,STU1814,100.0,No,Relationship,Hardware,Networking,Good,0,0,Good,0.056651174887045436,0.9433488251129546
2021,Female,24,2019,BCSE,10,No,No,3,3,Offline,Yes,Yes,2,Basic,100,No,No,Yes,Artificial Intelligence,2,Data Science,Relationship,No,Bachelor,No,2.41,No,3.5,116,76000,STU1815,100.0,No,Relationship,Data Science,Artificial Intelligence,Good,0,0,Good,0.16506513367174125,0.8349348663282588
2021,Female,20,2020,BCSE,9,No,No,2,3,Online,Yes,Yes,3,Advance,100,Yes,No,No,Cyber security,2,Data Science,Single,Yes,Family,No,1.57,No,2.66,100,76000,STU1816,100.0,No,Single,Data Science,Cyber Security,At Risk,1,1,At Risk,0.9437395577395578,0.9437395577395578
2021,Male,20,2020,BCSE,9,Yes,No,4,1,Offline,Yes,Yes,2,Advance,100,Yes,No,Yes,Machine Learning,2,Data Science,Relationship,Yes,Bachelor,No,2.73,No,3.8,100,76000,STU1817,100.0,No,Relationship,Data Science,Machine Learning,Good,0,0,Good,0.11175018315018315,0.8882498168498169
2020,Male,22,2020,BCSE,9,No,No,2,1,Offline,Yes,Yes,2,Advance,100,Yes,No,Yes,Networking,4,Hardware,Married,No,Family,Yes,2.87,No,3.93,100,76000,STU1818,100.0,Yes,Married,Hardware,Networking,Good,0,0,Good,0.3089047619047619,0.6910952380952381
2022,Male,20,2021,BCSE,5,No,No,3,2,Online,Yes,Yes,3,Intermediate,100,No,No,No,Networking,3,Hardware,Single,No,Bachelor,No,1.56,No,2.66,71,76000,STU1819,100.0,No,Single,Hardware,Networking,At Risk,1,1,At Risk,0.8280442907844404,0.8280442907844404
2022,Male,25,2018,BCSE,6,No,No,3,2,Online,Yes,Yes,8,Advance,100,No,No,No,Programming,3,UI/UX,Single,No,Bachelor,Yes,2.87,No,3.98,143,77000,STU1820,100.0,Yes,Single,UI/UX Design,Programming,Good,0,0,Good,0.1415795317776879,0.8584204682223121
2021,Male,23,2019,BCSE,8,No,No,3,1,Online,Yes,Yes,7,Advance,89,No,No,No,Machine Learning,1,Data Science,Single,No,Bachelor,No,1.79,No,2.85,104,77000,STU1821,89.0,No,Single,Data Science,Machine Learning,At Risk,1,1,At Risk,0.8568548375405014,0.8568548375405014
2019,Male,21,2019,BCSE,10,Yes,No,7,3,Online,Yes,Yes,3,Advance,100,No,No,No,Programming,2,UI/UX,Single,No,Family,No,2.88,No,3.93,139,77000,STU1822,100.0,No,Single,UI/UX Design,Programming,Good,0,0,Good,0.12419851537634435,0.8758014846236557
2020,Female,22,2019,BCSE,9,No,No,4,2,Offline,Yes,Yes,2,Intermediate,100,Yes,No,No,Artificial Intelligence,1,Data Science,Relationship,No,Bachelor,Yes,2.78,No,3.84,120,77000,STU1823,100.0,Yes,Relationship,Data Science,Artificial Intelligence,Good,0,0,Good,0.07996711978670845,0.9200328802132915
2021,Female,22,2020,BCSE,6,Yes,No,1,1,Online,Yes,Yes,4,Basic,98,No,No,No,Cyber security,3,Hardware,Relationship,Yes,Family,Yes,2.36,Yes,3.19,70,77000,STU1824,98.0,Yes,Relationship,Hardware,Cyber Security,At Risk,1,1,At Risk,0.7476028887778888,0.7476028887778888
2020,Female,21,2020,BCSE,7,No,No,3,2,Offline,Yes,Yes,4,Intermediate,100,No,No,Yes,Machine Learning,3,Software,Single,No,Family,No,2.03,No,3.15,65,78000,STU1825,100.0,No,Single,Software,Machine Learning,At Risk,1,1,At Risk,0.7228426226968349,0.7228426226968349
2018,Female,25,2018,BCSE,11,Yes,No,5,3,Offline,Yes,Yes,1,Basic,78,Yes,No,Yes,Artificial Intelligence,4,Software,Single,Yes,Bachelor,No,2.83,No,3.9,143,79000,STU1826,78.0,No,Single,Software,Artificial Intelligence,Good,0,0,Good,0.49225,0.5077499999999999
2020,Female,20,2019,BCSE,7,Yes,No,5,3,Offline,Yes,Yes,4,Advance,100,No,No,No,Networking,1,UI/UX,Single,Yes,Family,No,2.44,No,3.78,88,79000,STU1827,100.0,No,Single,UI/UX Design,Networking,Good,0,0,Good,0.06100145414122373,0.9389985458587763
2021,Male,20,2020,BCSE,7,No,No,5,3,Offline,Yes,Yes,5,Intermediate,50,No,No,Yes,Web development,3,UI/UX,Single,No,Family,No,1.66,No,2.99,97,79000,STU1828,50.0,No,Single,UI/UX Design,Web Development,At Risk,1,1,At Risk,0.8865067079463365,0.8865067079463365
2019,Male,21,2018,BCSE,10,No,Yes,6,4,Offline,Yes,Yes,3,Advance,80,No,No,No,Cyber security,2,UI/UX,Single,Yes,Family,No,2.54,No,3.76,126,80000,STU1829,80.0,No,Single,UI/UX Design,Cyber Security,Good,0,0,Good,0.33292103568258463,0.6670789643174153
2020,Female,22,2019,BCSE,11,Yes,No,2,1,Online,Yes,Yes,4,Intermediate,99,No,No,No,Programming,1,Hardware,Single,No,Family,No,2.79,No,3.59,125,80000,STU1830,99.0,No,Single,Hardware,Programming,Good,0,0,Good,0.07985057276037877,0.9201494272396212
2019,Male,20,2019,BCSE,11,No,No,2,1,Offline,Yes,Yes,6,Basic,77,Yes,Yes,Yes,Cyber security,2,Hardware,Relationship,No,Bachelor,No,1.55,No,2.67,144,80000,STU1831,77.0,No,Relationship,Hardware,Cyber Security,At Risk,1,1,At Risk,0.9217471264367816,0.9217471264367816
2021,Male,21,2020,BCSE,8,No,No,4,2,Offline,Yes,Yes,2,Advance,100,Yes,No,No,Networking,2,Data Science,Single,No,Family,Yes,1.25,No,2.57,101,80000,STU1832,100.0,Yes,Single,Data Science,Networking,At Risk,1,1,At Risk,0.8859648033126294,0.8859648033126294
2020,Female,20,2020,BCSE,10,No,No,4,2,Offline,Yes,Yes,2,Advance,100,No,No,No,Networking,2,Hardware,Single,No,Bachelor,no,2.56,No,3.61,131,80000,STU1833,100.0,No,Single,Hardware,Networking,Good,0,0,Good,0.06150855816888425,0.9384914418311158
2022,Male,20,2021,BCSE,8,No,No,4,1,Offline,Yes,Yes,3,Intermediate,100,Yes,No,No,Networking,1,Hardware,Single,Yes,Family,No,2.64,No,3.7,99,81000,STU1834,100.0,No,Single,Hardware,Networking,Good,0,0,Good,0.13288825074367153,0.8671117492563285
2020,Male,20,2020,BCSE,10,Yes,No,3,2,Offline,Yes,Yes,7,Advance,78,No,No,No,Cyber security,2,Data Science,Married,Yes,Family,Yes,1.45,No,2.67,142,82000,STU1835,78.0,Yes,Married,Data Science,Cyber Security,At Risk,1,1,At Risk,0.7162610820751065,0.7162610820751065
2020,Male,21,2018,BCSE,10,No,No,3,2,Offline,Yes,Yes,3,Basic,70,No,No,No,Programming,3,UI/UX,Relationship,No,Bachelor,Yes,1.56,No,2.87,133,85000,STU1836,70.0,Yes,Relationship,UI/UX Design,Programming,At Risk,1,1,At Risk,0.8708735583651961,0.8708735583651961
2022,Female,21,2021,BCSE,6,Yes,No,6,2,Offline,Yes,Yes,5,Intermediate,70,No,No,Yes,Programming,5,UI/UX,Relationship,No,Family,No,2.1,No,3.37,86,85000,STU1837,70.0,No,Relationship,UI/UX Design,Programming,Good,0,0,Good,0.15518768437731287,0.8448123156226871
2022,Female,20,2022,BCSE,3,No,No,2,1,Online,Yes,No,3,Intermediate,60,No,No,No,Artificial Intelligence,1,Hardware,Married,No,Family,No,2.1,No,3.28,77,85000,STU1838,60.0,No,Married,Hardware,Artificial Intelligence,Good,0,0,Good,0.18723469529503314,0.8127653047049669
2021,Female,20,2020,BCSE,10,No,No,2,2,Online,Yes,Yes,2,Intermediate,100,Yes,No,Yes,Artificial Intelligence,4,Data Science,Married,No,Family,No,1.54,No,2.64,137,86000,STU1839,100.0,No,Married,Data Science,Artificial Intelligence,At Risk,1,1,At Risk,0.9249068322981366,0.9249068322981366
2019,Male,24,2019,BCSE,10,No,No,1,3,Offline,Yes,Yes,2,Basic,80,Yes,Yes,Yes,Programming,1,Software,Relationship,Yes,Family,Yes,2.39,No,3.43,45,87000,STU1840,80.0,Yes,Relationship,Software,Programming,Good,0,0,Good,0.2941565452091768,0.7058434547908232
2020,Female,21,2020,BCSE,8,No,No,4,3,Online,Yes,Yes,2,Advance,80,No,No,No,Cyber security,3,UI/UX,Married,No,Family,No,2.51,No,3.87,103,87000,STU1841,80.0,No,Married,UI/UX Design,Cyber Security,Good,0,0,Good,0.1504012157321519,0.8495987842678481
2020,Male,21,2020,BCSE,11,Yes,No,2,2,Offline,Yes,Yes,1,Basic,79,No,No,No,Machine Learning,2,Data Science,Single,Yes,Bachelor,No,2.81,No,3.89,143,87000,STU1842,79.0,No,Single,Data Science,Machine Learning,Good,0,0,Good,0.13510231096796338,0.8648976890320366
2021,Female,20,2020,BCSE,9,No,No,2,1,Offline,Yes,Yes,2,Advance,88,No,No,Yes,Programming,1,UI/UX,Single,No,Bachelor,No,2.45,No,3.54,117,88000,STU1843,88.0,No,Single,UI/UX Design,Programming,Good,0,0,Good,0.23202023201340258,0.7679797679865974
2021,Male,20,2021,BCSE,8,No,No,3,1,Offline,Yes,Yes,3,Intermediate,100,Yes,No,No,Artificial Intelligence,2,Data Science,Single,Yes,Family,Yes,2.66,No,3.72,98,88000,STU1844,100.0,Yes,Single,Data Science,Artificial Intelligence,Good,0,0,Good,0.17119142679878255,0.8288085732012175
2020,Female,21,2019,BCSE,9,Yes,No,6,1,Offline,No,Yes,4,Intermediate,80,No,No,Yes,Programming,1,UI/UX,Relationship,Yes,Family,Yes,2.04,No,3.23,100,89000,STU1845,80.0,Yes,Relationship,UI/UX Design,Programming,Good,0,0,Good,0.18254878891255658,0.8174512110874435
2021,Male,21,2020,BCSE,8,No,No,4,2,Online,Yes,Yes,6,Advance,100,No,Yes,No,Web development,2,Software,Single,Yes,Bachelor,No,2.29,No,3.56,100,89000,STU1846,100.0,No,Single,Software,Web Development,Good,0,0,Good,0.1964320721034347,0.8035679278965653
2021,Male,20,2020,BCSE,8,No,No,4,2,Offline,Yes,Yes,7,Advance,88,No,No,Yes,Machine Learning,3,Software,Single,No,Family,No,2.55,No,3.77,137,89000,STU1847,88.0,No,Single,Software,Machine Learning,Good,0,0,Good,0.17283696399342902,0.8271630360065709
2018,Male,22,2017,BCSE,11,Yes,No,4,2,Offline,Yes,Yes,2,Advance,100,No,No,Yes,Programming,3,UI/UX,Single,Yes,Bachelor,Yes,2.9,No,3.89,135,90000,STU1848,100.0,Yes,Single,UI/UX Design,Programming,Good,0,0,Good,0.10953076119147305,0.8904692388085269
2019,Male,25,2018,BCSE,11,No,No,3,2,Offline,Yes,Yes,3,Intermediate,100,No,No,No,Web development,2,Software,Relationship,Yes,Bachelor,No,2.34,No,3.42,143,90000,STU1849,100.0,No,Relationship,Software,Web Development,Good,0,0,Good,0.3841889570055524,0.6158110429944477
2020,Male,21,2019,BCSE,10,No,No,3,2,Online,Yes,Yes,4,Advance,100,No,No,Yes,Cyber security,2,Data Science,Married,No,Family,No,2.08,No,3.11,138,90000,STU1850,100.0,No,Married,Data Science,Cyber Security,At Risk,1,1,At Risk,0.6527090746068858,0.6527090746068858
2021,Female,20,2020,BCSE,9,No,No,3,1,Online,Yes,Yes,10,Advance,100,No,No,Yes,Networking,3,Hardware,Married,No,Family,No,2.51,No,3.5,130,90000,STU1851,100.0,No,Married,Hardware,Networking,Good,0,0,Good,0.1543243181110828,0.8456756818889172
2022,Female,21,2021,BCSE,5,No,No,4,1,Online,Yes,Yes,8,Intermediate,100,No,No,No,Machine Learning,3,Software,Single,No,Family,No,2.13,No,3.33,107,90000,STU1852,100.0,No,Single,Software,Machine Learning,Good,0,0,Good,0.19585065492011286,0.8041493450798871
2019,Male,25,2018,BCSE,11,No,No,2,1,Offline,Yes,Yes,2,Intermediate,35,No,Yes,No,Cyber security,1,Data Science,Single,No,Bachelor,No,1.43,No,2.56,143,91000,STU1853,35.0,No,Single,Data Science,Cyber Security,At Risk,1,1,At Risk,0.7784640120415982,0.7784640120415982
2022,Female,20,2020,BCSE,4,No,No,2,3,Offline,Yes,Yes,3,Intermediate,100,Yes,No,No,Programming,1,UI/UX,Married,Yes,Family,No,1.26,No,2.33,59,93000,STU1854,100.0,No,Married,UI/UX Design,Programming,At Risk,1,1,At Risk,0.9205194805194804,0.9205194805194804
2021,Female,20,2020,BCSE,9,No,No,2,3,Offline,Yes,Yes,3,Advance,56,Yes,No,Yes,Networking,4,Hardware,Single,No,Bachelor,No,1.56,No,2.6,130,95000,STU1855,56.0,No,Single,Hardware,Networking,At Risk,1,1,At Risk,0.7936507936507937,0.7936507936507937
2020,Male,23,2019,BCSE,10,No,No,2,3,Offline,Yes,Yes,1,Basic,100,No,No,No,Programming,4,UI/UX,Single,No,Bachelor,No,1.75,No,2.81,137,98000,STU1856,100.0,No,Single,UI/UX Design,Programming,At Risk,1,1,At Risk,0.8593002733985287,0.8593002733985287
2019,Male,25,2018,BCSE,11,No,No,2,1,Offline,Yes,Yes,7,Basic,100,No,No,No,Programming,3,Software,Married,Yes,Family,No,1.76,No,2.87,144,100000,STU1857,100.0,No,Married,Software,Programming,At Risk,1,1,At Risk,0.9219301712779975,0.9219301712779975
2021,Male,21,2019,BCSE,5,No,No,6,2,Online,Yes,Yes,4,Intermediate,100,Yes,No,Yes,Cyber security,2,Data Science,Single,Yes,Bachelor,No,1.34,No,2.53,96,100000,STU1858,100.0,No,Single,Data Science,Cyber Security,At Risk,1,1,At Risk,0.7454907539118065,0.7454907539118065
2020,Male,21,2019,BCSE,8,No,No,5,3,Offline,Yes,Yes,4,Advance,100,No,No,Yes,Programming,3,UI/UX,Single,No,Bachelor,No,2.91,No,3.95,119,100000,STU1859,100.0,No,Single,UI/UX Design,Programming,Good,0,0,Good,0.08884179367784213,0.9111582063221578
2020,Male,22,2019,BCSE,10,No,No,2,3,Online,Yes,Yes,2,Intermediate,45,Yes,No,No,Networking,4,Hardware,Relationship,Yes,Family,Yes,2.46,No,3.52,140,100000,STU1860,45.0,Yes,Relationship,Hardware,Networking,Good,0,0,Good,0.06867941825199889,0.9313205817480011
2021,Female,20,2020,BCSE,5,No,No,3,1,Offline,Yes,Yes,7,Intermediate,70,No,No,No,Cyber security,3,Software,Relationship,No,Bachelor,No,1.67,No,2.98,75,100000,STU1861,70.0,No,Relationship,Software,Cyber Security,At Risk,1,1,At Risk,0.7746144028481521,0.7746144028481521
2023,Female,20,2021,BCSE,2,Yes,No,2,4,Offline,Yes,Yes,2,Intermediate,100,No,No,Yes,Programming,3,Hardware,Relationship,Yes,Family,Yes,2.66,Yes,2.66,12,100000,STU1862,100.0,Yes,Relationship,Hardware,Programming,At Risk,1,1,At Risk,0.7286273305262815,0.7286273305262815
2018,Male,24,2018,BCSE,10,No,No,1,3,Online,Yes,Yes,3,Advance,65,Yes,No,No,Artificial Intelligence,2,Data Science,Single,Yes,Family,N,2.65,No,3.68,140,110000,STU1863,65.0,No,Single,Data Science,Artificial Intelligence,Good,0,0,Good,0.058199620272200915,0.9418003797277991
2022,Male,20,2020,BCSE,6,No,No,2,1,Offline,Yes,Yes,5,Intermediate,100,No,No,No,Networking,4,Hardware,Single,No,Family,No,2.8,No,3.91,77,110000,STU1864,100.0,No,Single,Hardware,Networking,Good,0,0,Good,0.09880057373762183,0.9011994262623781
2021,Female,20,2020,BCSE,8,No,No,5,3,Offline,Yes,Yes,6,Intermediate,100,No,No,No,Networking,1,Hardware,Married,Yes,Family,No,1.46,No,2.67,101,110000,STU1865,100.0,No,Married,Hardware,Networking,At Risk,1,1,At Risk,0.8746648246389626,0.8746648246389626
2021,Female,21,2020,BCSE,10,No,No,2,3,Offline,Yes,Yes,2,Intermediate,89,Yes,No,No,Programming,4,UI/UX,Single,No,Bachelor,No,1.67,No,2.73,134,110000,STU1866,89.0,No,Single,UI/UX Design,Programming,At Risk,1,1,At Risk,0.9108282163742689,0.9108282163742689
2022,Male,20,2021,BCSE,6,No,No,3,3,Offline,Yes,Yes,3,Advance,62,Yes,No,No,Artificial Intelligence,1,Data Science,Single,Yes,Bachelor,No,1.35,No,2.58,77,114000,STU1867,62.0,No,Single,Data Science,Artificial Intelligence,At Risk,1,1,At Risk,0.9119819819819819,0.9119819819819819
2021,Male,21,2020,BCSE,7,No,No,3,1,Offline,Yes,Yes,2,Advance,78,No,No,No,Web development,2,Software,Relationship,No,Family,No,2.56,No,3.66,88,115000,STU1868,78.0,No,Relationship,Software,Web Development,Good,0,0,Good,0.4824654790693579,0.5175345209306421
2022,Female,19,2022,BCSE,3,No,No,1,1,Online,Yes,Yes,5,Advance,100,No,No,No,Cyber security,3,UI/UX,Single,No,Family,No,2.67,No,3.78,32,115000,STU1869,100.0,No,Single,UI/UX Design,Cyber Security,Good,0,0,Good,0.17539089564099047,0.8246091043590096
2022,Female,20,2020,BCSE,5,No,No,2,2,Offline,Yes,Yes,1,Advance,41,No,No,Yes,Machine Learning,2,Data Science,Single,Yes,Bachelor,No,2.56,No,3.61,68,116000,STU1870,41.0,No,Single,Data Science,Machine Learning,Good,0,0,Good,0.2549941295878057,0.7450058704121942
2020,Male,25,2019,BCSE,10,No,No,2,3,Offline,Yes,Yes,2,Intermediate,86,Yes,No,No,Networking,2,Hardware,Single,No,Bachelor,No,2.67,No,3.75,140,117000,STU1871,86.0,No,Single,Hardware,Networking,Good,0,0,Good,0.09288888888888888,0.9071111111111111
2022,Male,20,2021,BCSE,6,No,No,3,3,Offline,Yes,Yes,2,Basic,100,No,No,Yes,Web development,1,Software,Relationship,No,Bachelor,No,2.46,No,3.55,89,120000,STU1872,100.0,No,Relationship,Software,Web Development,Good,0,0,Good,0.47167758140222604,0.528322418597774
2020,Male,24,2019,BCSE,10,No,No,1,2,Offline,Yes,Yes,3,Intermediate,83,Yes,No,Yes,Networking,2,Hardware,Married,Yes,Family,No,1.44,No,2.65,136,123000,STU1873,83.0,No,Married,Hardware,Networking,At Risk,1,1,At Risk,0.8298015873015874,0.8298015873015874
2020,Female,24,2019,BCSE,11,No,No,3,2,Offline,Yes,Yes,1,Basic,100,No,No,No,Web development,4,Software,Relationship,Yes,Bachelor,No,2.53,No,3.62,143,128000,STU1874,100.0,No,Relationship,Software,Web Development,Good,0,0,Good,0.35496881293642124,0.6450311870635788
2019,Female,25,2019,BCSE,11,No,No,2,2,Offline,Yes,Yes,5,Basic,100,No,No,No,Programming,3,Software,Single,Yes,Family,No,2.79,No,3.88,141,130000,STU1875,100.0,No,Single,Software,Programming,Good,0,0,Good,0.18338495321104017,0.8166150467889598
2021,Female,20,2020,BCSE,9,Yes,No,3,1,Offline,Yes,Yes,3,Intermediate,100,Yes,No,Yes,Web development,4,Software,Single,Yes,Family,No,2.75,No,3.82,103,130000,STU1876,100.0,No,Single,Software,Web Development,Good,0,0,Good,0.1313025641025641,0.8686974358974359
2022,Male,21,2021,BCSE,6,No,No,1,3,Offline,Yes,Yes,2,Advance,100,Yes,No,No,Programming,4,UI/UX,Married,Yes,Family,Yes,1.68,No,2.73,88,130000,STU1877,100.0,Yes,Married,UI/UX Design,Programming,At Risk,1,1,At Risk,0.9134782608695653,0.9134782608695653
2022,Female,20,2021,BCSE,5,No,No,4,1,Online,Yes,Yes,2,Intermediate,77,Yes,No,Yes,Programming,4,Software,Married,No,Family,No,1.67,No,2.77,58,130000,STU1878,77.0,No,Married,Software,Programming,At Risk,1,1,At Risk,0.9195353535353534,0.9195353535353534
2020,Male,20,2020,BCSE,10,Yes,No,2,2,Offline,Yes,Yes,3,Advance,84,No,No,Yes,Web development,4,Software,Relationship,No,Bachelor,No,1.76,No,2.8,122,134000,STU1879,84.0,No,Relationship,Software,Web Development,At Risk,1,1,At Risk,0.8711721293199554,0.8711721293199554
2021,Female,25,2019,BCSE,10,No,No,4,2,Online,Yes,Yes,4,Advance,100,No,No,Yes,Networking,2,Hardware,Relationship,No,Bachelor,No,2.88,No,3.9,139,135000,STU1880,100.0,No,Relationship,Hardware,Networking,Good,0,0,Good,0.12678086728086727,0.8732191327191328
2020,Male,20,2020,BCSE,11,No,No,2,1,Offline,Yes,Yes,3,Basic,100,Yes,No,No,Networking,2,Hardware,Single,No,Bachelor,No,2.54,No,3.61,143,135000,STU1881,100.0,No,Single,Hardware,Networking,Good,0,0,Good,0.09703979975962734,0.9029602002403727
2021,Female,22,2020,BCSE,9,No,No,4,2,Offline,Yes,Yes,1,Advance,100,Yes,Yes,No,Cyber security,2,Data Science,Married,Yes,Family,No,1.76,No,2.82,121,135000,STU1882,100.0,No,Married,Data Science,Cyber Security,At Risk,1,1,At Risk,0.926923076923077,0.926923076923077
2020,Male,21,2020,BCSE,8,No,No,3,2,Offline,Yes,Yes,2,Intermediate,100,No,No,No,Artificial Intelligence,2,Data Science,Single,Yes,Family,Yes,2.54,No,3.64,97,135000,STU1883,100.0,Yes,Single,Data Science,Artificial Intelligence,Good,0,0,Good,0.12851683033735795,0.871483169662642
2019,Male,25,2018,BCSE,11,No,No,3,2,Offline,Yes,Yes,2,Intermediate,100,No,No,Yes,Networking,1,Hardware,Single,Yes,Family,No,1.54,No,2.68,143,144000,STU1884,100.0,No,Single,Hardware,Networking,At Risk,1,1,At Risk,0.8096371486875609,0.8096371486875609
2021,Female,21,2020,BCSE,9,No,No,2,1,Offline,Yes,Yes,2,Intermediate,35,No,No,No,Machine Learning,2,Data Science,Relationship,Yes,Bachelor,Yes,1.46,No,2.5,119,144000,STU1885,35.0,Yes,Relationship,Data Science,Machine Learning,At Risk,1,1,At Risk,0.8939261028826246,0.8939261028826246
2019,Male,22,2019,BCSE,11,Yes,No,6,3,Offline,Yes,Yes,7,Advance,100,No,No,No,Cyber security,4,Data Science,Single,No,Family,No,2.91,No,3.97,141,150000,STU1886,100.0,No,Single,Data Science,Cyber Security,Good,0,0,Good,0.058719145763932154,0.9412808542360679
2021,Female,20,2020,BCSE,9,No,No,3,3,Online,Yes,Yes,3,Advance,100,No,No,No,Networking,2,Hardware,Relationship,Yes,Bachelor,No,1.8,No,2.89,116,155000,STU1887,100.0,No,Relationship,Hardware,Networking,At Risk,1,1,At Risk,0.927721153846154,0.927721153846154
2021,Female,20,2020,BCSE,8,Yes,No,5,2,Offline,Yes,Yes,3,Intermediate,100,No,No,No,Web development,4,Software,Relationship,Yes,Bachelor,No,2.78,No,3.8,89,158000,STU1888,100.0,No,Relationship,Software,Web Development,Good,0,0,Good,0.05693828007335156,0.9430617199266484
2021,Female,21,2021,BCSE,5,Yes,No,3,2,Offline,Yes,Yes,8,Advance,67,No,No,Yes,Programming,2,Software,Single,Yes,Family,No,1.65,No,2.56,64,165000,STU1889,67.0,No,Single,Software,Programming,At Risk,1,1,At Risk,0.817617020581045,0.817617020581045
2020,Female,22,2019,BCSE,8,Yes,No,2,1,Offline,Yes,Yes,4,Advance,100,No,No,No,Programming,2,UI/UX,Single,Yes,Family,No,2.32,No,3.87,113,170000,STU1890,100.0,No,Single,UI/UX Design,Programming,Good,0,0,Good,0.15290474762193657,0.8470952523780635
2020,Female,25,2019,BCSE,11,No,No,3,3,Online,Yes,Yes,1,Advance,35,No,No,No,Networking,2,Hardware,Relationship,No,Bachelor,No,1.57,No,2.63,143,170000,STU1891,35.0,No,Relationship,Hardware,Networking,At Risk,1,1,At Risk,0.8927450365726227,0.8927450365726227
2021,Female,20,2020,BCSE,8,Yes,No,3,3,Offline,Yes,Yes,3,Intermediate,100,Yes,No,No,Artificial Intelligence,4,Data Science,Single,Yes,Family,No,2.85,No,3.93,100,190000,STU1892,100.0,No,Single,Data Science,Artificial Intelligence,Good,0,0,Good,0.23185270551858572,0.7681472944814143
2020,Male,21,2020,BCSE,10,No,No,3,2,Offline,Yes,Yes,1,Intermediate,68,No,No,No,Networking,4,Hardware,Married,No,Family,No,2.74,No,3.84,137,190000,STU1893,68.0,No,Married,Hardware,Networking,Good,0,0,Good,0.1656107864717704,0.8343892135282296
2020,Female,22,2020,BCSE,7,No,No,3,2,Offline,Yes,Yes,7,Intermediate,100,No,Yes,No,Web development,3,UI/UX,Single,Yes,Bachelor,No,2.13,No,3.03,107,235000,STU1894,100.0,No,Single,UI/UX Design,Web Development,At Risk,1,1,At Risk,0.6103308185752627,0.6103308185752627
2021,Female,20,2021,BCSE,5,Yes,No,6,2,Offline,Yes,Yes,1,Advance,100,No,No,No,Programming,4,UI/UX,Single,Yes,Family,No,2.91,No,3.91,81,250000,STU1895,100.0,No,Single,UI/UX Design,Programming,Good,0,0,Good,0.14252389937660304,0.857476100623397
2019,Female,25,2018,BCSE,11,No,No,3,3,Offline,Yes,Yes,2,Intermediate,100,Yes,No,No,Cyber security,1,Data Science,Single,No,Bachelor,No,1.43,No,2.49,143,255000,STU1896,100.0,No,Single,Data Science,Cyber Security,At Risk,1,1,At Risk,0.9147386569872958,0.9147386569872958
2019,Male,25,2017,BCSE,11,No,No,2,1,Offline,Yes,No,5,Basic,86,No,No,No,Networking,3,Data Science,Relationship,No,Family,No,1.98,No,2.89,145,300000,STU1897,86.0,No,Relationship,Data Science,Networking,At Risk,1,1,At Risk,0.8383070175438597,0.8383070175438597
2020,Male,23,2019,BCSE,9,Yes,No,1,2,Offline,Yes,Yes,5,Basic,100,No,No,Yes,Web development,1,Data Science,Relationship,No,Family,No,2.91,No,3.89,103,10000,STU1898,100.0,No,Relationship,Data Science,Web Development,Good,0,0,Good,0.32118338211802494,0.678816617881975
2020,Female,22,2019,BCSE,11,Yes,No,2,1,Offline,Yes,Yes,3,Intermediate,95,No,No,Yes,Programming,1,Data Science,Single,No,Family,No,2.5,No,3.48,128,25000,STU1899,95.0,No,Single,Data Science,Programming,Good,0,0,Good,0.21986994964131168,0.7801300503586883
2023,Female,21,2022,BCSE,2,No,No,5,5,Offline,Yes,Yes,5,Intermediate,100,No,No,No,Programming,3,Software,Single,Yes,Family,No,2.85,No,3.65,28,25000,STU1900,100.0,No,Single,Software,Programming,Good,0,0,Good,0.27570363743978477,0.7242963625602152
2020,Female,24,2019,BCSE,9,No,No,5,1,Offline,Yes,Yes,6,Basic,90,No,No,No,Networking,2,Hardware,Single,Yes,Family,Yes,2.2,Yes,3.5,60,28000,STU1901,90.0,Yes,Single,Hardware,Networking,Good,0,0,Good,0.2280318447455364,0.7719681552544636
2020,Male,25,2019,BCSE,10,Yes,No,3,1,Online,Yes,Yes,5,Advance,99,No,No,Yes,Networking,3,Software,Relationship,Yes,Bachelor,No,2.48,No,3.48,105,30000,STU1902,99.0,No,Relationship,Software,Networking,Good,0,0,Good,0.2083518217893218,0.7916481782106782
2020,Female,23,2019,BCSE,10,No,No,4,1,Offline,Yes,Yes,3,Intermediate,98,No,No,No,Networking,2,Hardware,Single,No,Bachelor,No,2.87,No,3.93,138,30000,STU1903,98.0,No,Single,Hardware,Networking,Good,0,0,Good,0.1546605374663883,0.8453394625336117
2022,Male,22,2020,BCSE,5,Yes,No,2,2,Offline,Yes,No,4,Intermediate,99,No,No,Yes,Programming,2,Hardware,Single,No,Family,No,2.56,No,3.35,54,30000,STU1904,99.0,No,Single,Hardware,Programming,Good,0,0,Good,0.23094321834282058,0.7690567816571794
2021,Female,20,2020,BCSE,7,No,No,4,2,Offline,Yes,Yes,7,Intermediate,100,No,No,Yes,Artificial Intelligence,1,Hardware,Relationship,No,Family,No,2.31,No,3.45,109,30000,STU1905,100.0,No,Relationship,Hardware,Artificial Intelligence,Good,0,0,Good,0.16225278236802126,0.8377472176319787
2018,Male,25,2018,BCSE,11,No,No,3,1,Offline,Yes,Yes,3,Basic,100,No,Yes,Yes,Cyber security,2,Data Science,Married,No,Family,No,2.45,No,3.56,143,32000,STU1906,100.0,No,Married,Data Science,Cyber Security,Good,0,0,Good,0.27034416268282624,0.7296558373171738
2022,Female,19,2021,BCSE,7,No,No,4,2,Online,Yes,Yes,5,Intermediate,90,No,No,Yes,Artificial Intelligence,2,Hardware,Relationship,Yes,Family,Yes,2.09,No,3.34,100,34000,STU1907,90.0,Yes,Relationship,Hardware,Artificial Intelligence,Good,0,0,Good,0.12177308673901323,0.8782269132609868
2019,Male,24,2018,BCSE,11,No,No,3,2,Offline,Yes,Yes,3,Intermediate,65,Yes,No,No,Cyber security,2,Data Science,Single,Yes,Family,Yes,2.45,No,3.55,144,37000,STU1908,65.0,Yes,Single,Data Science,Cyber Security,Good,0,0,Good,0.13336271850497436,0.8666372814950256
2020,Female,20,2020,BCSE,11,No,No,2,2,Online,Yes,Yes,3,Intermediate,72,No,No,No,Cyber security,4,Data Science,Married,No,Family,No,2.67,No,3.77,143,37000,STU1909,72.0,No,Married,Data Science,Cyber Security,Good,0,0,Good,0.15214576971135124,0.8478542302886487
2022,Male,21,2021,BCSE,6,No,No,2,2,Offline,Yes,Yes,3,Advance,42,No,No,Yes,Cyber security,3,Data Science,Single,No,Bachelor,Yes,1.89,No,2.97,97,37000,STU1910,42.0,Yes,Single,Data Science,Cyber Security,At Risk,1,1,At Risk,0.9014537385129492,0.9014537385129492
2021,Female,20,2020,BCSE,8,No,No,2,2,Online,Yes,No,3,Basic,68,No,No,No,Web development,4,Software,Married,Yes,Family,No,2.67,No,3.74,90,38000,STU1911,68.0,No,Married,Software,Web Development,Good,0,0,Good,0.21168472313578024,0.7883152768642198
2022,Female,22,2021,BCSE,5,Yes,No,2,2,Offline,Yes,Yes,2,Intermediate,47,Yes,No,No,Cyber security,2,Data Science,Single,No,Bachelor,No,2.74,No,3.8,68,39000,STU1912,47.0,No,Single,Data Science,Cyber Security,Good,0,0,Good,0.27961056219765895,0.720389437802341
2018,Female,22,2017,BCSE,10,No,No,3,2,Online,Yes,Yes,8,Advance,90,Yes,No,Yes,Programming,2,UI/UX,Single,No,Family,No,1.61,No,2.88,123,40000,STU1913,90.0,No,Single,UI/UX Design,Programming,At Risk,1,1,At Risk,0.9809272030651341,0.9809272030651341
2018,Female,24,2018,BCSE,11,No,No,4,2,Offline,Yes,Yes,2,Intermediate,86,Yes,Yes,No,Cyber security,4,Data Science,Relationship,No,Bachelor,No,2.54,No,3.63,144,40000,STU1914,86.0,No,Relationship,Data Science,Cyber Security,Good,0,0,Good,0.1944909231606558,0.8055090768393443
2020,Male,21,2020,BCSE,10,No,No,2,3,Offline,Yes,Yes,3,Intermediate,79,Yes,No,Yes,Cyber security,2,Data Science,Relationship,No,Bachelor,No,1.46,No,2.55,139,40000,STU1915,79.0,No,Relationship,Data Science,Cyber Security,At Risk,1,1,At Risk,0.7537171052631578,0.7537171052631578
2020,Male,20,2020,BCSE,10,Yes,No,2,2,Offline,Yes,Yes,2,Intermediate,100,No,No,No,Networking,4,Hardware,Relationship,No,Bachelor,No,2.65,No,3.79,138,40000,STU1916,100.0,No,Relationship,Hardware,Networking,Good,0,0,Good,0.10188895517688079,0.8981110448231192
2021,Female,21,2020,BCSE,9,No,No,3,2,Online,Yes,Yes,3,Advance,46,No,No,No,Artificial Intelligence,2,Data Science,Single,Yes,Bachelor,No,1.88,No,2.92,124,42000,STU1917,46.0,No,Single,Data Science,Artificial Intelligence,At Risk,1,1,At Risk,0.9111915779415779,0.9111915779415779
2022,Female,21,2021,BCSE,6,Yes,No,2,1,Offline,Yes,Yes,3,Advance,78,Yes,No,Yes,Programming,1,UI/UX,Married,Yes,Family,no,2.77,No,3.8,77,42000,STU1918,78.0,No,Married,UI/UX Design,Programming,Good,0,0,Good,0.2159190051778287,0.7840809948221713
2020,Male,20,2020,BCSE,5,No,No,4,2,Online,Yes,Yes,6,Intermediate,90,No,No,No,Machine Learning,2,Software,Single,No,Bachelor,No,1.98,No,2.97,66,45000,STU1919,90.0,No,Single,Software,Machine Learning,At Risk,1,1,At Risk,0.8430622658528493,0.8430622658528493
2022,Male,22,2021,BCSE,5,No,No,2,1,Online,Yes,Yes,3,Basic,23,No,No,Yes,Networking,4,Hardware,Relationship,No,Bachelor,No,1.81,No,2.88,72,45000,STU1920,23.0,No,Relationship,Hardware,Networking,At Risk,1,1,At Risk,0.9495090251819792,0.9495090251819792
2021,Female,20,2020,BCSE,9,No,No,2,3,Offline,Yes,Yes,3,Advance,55,No,No,Yes,Networking,1,Hardware,Relationship,No,Bachelor,No,2.87,No,3.9,125,46000,STU1921,55.0,No,Relationship,Hardware,Networking,Good,0,0,Good,0.2016201610194644,0.7983798389805357
2022,Male,20,2021,BCSE,4,No,No,2,2,Offline,Yes,Yes,4,Intermediate,100,No,No,Yes,Networking,8,Software,Single,No,Family,No,1.76,No,2.67,27,46000,STU1922,100.0,No,Single,Software,Networking,At Risk,1,1,At Risk,0.8705155722997062,0.8705155722997062
2022,Female,21,2021,BCSE,7,No,No,3,2,Offline,Yes,Yes,2,Intermediate,32,No,No,No,Artificial Intelligence,2,Data Science,Single,Yes,Bachelor,No,2.34,No,3.4,109,47000,STU1923,32.0,No,Single,Data Science,Artificial Intelligence,Good,0,0,Good,0.4588853420259687,0.5411146579740314
2021,Female,20,2019,BCSE,9,No,No,5,2,Offline,Yes,Yes,5,Intermediate,100,No,No,Yes,Artificial Intelligence,1,Hardware,Single,No,Bachelor,No,2.07,No,3.28,132,48000,STU1924,100.0,No,Single,Hardware,Artificial Intelligence,Good,0,0,Good,0.1765690263521872,0.8234309736478128
2020,Male,23,2019,BCSE,10,No,No,2,3,Online,Yes,Yes,2,Intermediate,89,No,No,No,Networking,4,Hardware,Relationship,No,Family,Yes,2.45,No,3.51,132,48000,STU1925,89.0,Yes,Relationship,Hardware,Networking,Good,0,0,Good,0.17740658313344035,0.8225934168665596
2020,Male,20,2020,BCSE,11,No,Yes,5,1,Offline,Yes,Yes,3,Intermediate,68,Yes,No,Yes,Networking,2,Hardware,Single,No,Bachelor,No,2.66,No,3.79,135,48000,STU1926,68.0,No,Single,Hardware,Networking,Good,0,0,Good,0.17670119296412398,0.823298807035876
2020,Female,23,2019,BCSE,11,Yes,No,6,3,Offline,Yes,Yes,2,Intermediate,100,No,No,No,Cyber security,4,Data Science,Relationship,No,Family,No,2.77,No,3.85,144,49000,STU1927,100.0,No,Relationship,Data Science,Cyber Security,Good,0,0,Good,0.03164464091880098,0.9683553590811991
2022,Female,21,2021,BCSE,6,No,No,5,3,Online,Yes,Yes,3,Basic,100,Yes,No,No,Networking,2,Hardware,Single,No,Family,No,2.63,No,3.7,75,49000,STU1928,100.0,No,Single,Hardware,Networking,Good,0,0,Good,0.2160248225052433,0.7839751774947568
2020,Male,23,2018,BCSE,8,Yes,No,3,3,Online,Yes,Yes,2,Advance,80,No,No,No,Cyber security,2,UI/UX,Relationship,Yes,Family,No,2.81,No,3.79,135,50000,STU1929,80.0,No,Relationship,UI/UX Design,Cyber Security,Good,0,0,Good,0.26339915651370754,0.7366008434862925
2021,Female,21,2019,BCSE,6,No,No,2,1,Offline,Yes,Yes,3,Intermediate,100,No,No,Yes,Programming,1,Data Science,Single,No,Family,No,2.44,No,3.44,56,50000,STU1930,100.0,No,Single,Data Science,Programming,Good,0,0,Good,0.3910104485438572,0.6089895514561428
2021,Male,23,2019,BCSE,7,No,No,1,1,Online,Yes,Yes,5,Advance,70,No,No,Yes,Cyber security,5,Hardware,Single,Yes,Family,No,2.5,No,3.22,66,50000,STU1931,70.0,No,Single,Hardware,Cyber Security,Good,0,0,Good,0.22309335682908882,0.7769066431709112
2021,Female,21,2020,BCSE,7,No,No,2,3,Offline,Yes,Yes,6,Advance,100,No,No,Yes,Programming,1,UI/UX,Relationship,Yes,Family,No,2.55,No,3.8,112,50000,STU1932,100.0,No,Relationship,UI/UX Design,Programming,Good,0,0,Good,0.17160194549426044,0.8283980545057396
2022,Female,20,2021,BCSE,5,No,No,3,2,Offline,Yes,Yes,5,Basic,100,No,No,Yes,Programming,2,UI/UX,Single,No,Family,No,2.22,No,3.35,79,50000,STU1933,100.0,No,Single,UI/UX Design,Programming,Good,0,0,Good,0.41772047270305895,0.582279527296941
2021,Female,20,2020,BCSE,9,No,No,3,3,Offline,Yes,Yes,3,Basic,100,No,No,Yes,Web development,2,Software,Single,Yes,Family,No,2.56,No,3.64,108,53000,STU1934,100.0,No,Single,Software,Web Development,Good,0,0,Good,0.37361320064858267,0.6263867993514174
2020,Female,23,2019,BCSE,8,No,No,3,2,Offline,Yes,Yes,7,Intermediate,100,No,No,No,Programming,2,Software,Single,No,Family,No,1.99,No,3.0,121,55000,STU1935,100.0,No,Single,Software,Programming,At Risk,1,1,At Risk,0.7536991117532369,0.7536991117532369
2020,Female,24,2019,BCSE,11,No,No,3,2,Offline,Yes,Yes,2,Intermediate,34,No,No,Yes,Networking,1,Hardware,Married,No,Family,No,1.56,No,2.62,143,55000,STU1936,34.0,No,Married,Hardware,Networking,At Risk,1,1,At Risk,0.8663747643476409,0.8663747643476409
2020,Female,21,2019,BCSE,11,No,No,4,3,Offline,Yes,Yes,2,Advance,79,No,No,Yes,Artificial Intelligence,2,Data Science,Relationship,No,Bachelor,No,2.67,No,3.77,143,55000,STU1937,79.0,No,Relationship,Data Science,Artificial Intelligence,Good,0,0,Good,0.16481931274745915,0.8351806872525409
2020,Female,20,2020,BCSE,9,No,No,4,2,Offline,Yes,No,6,Advance,100,No,No,No,Artificial Intelligence,2,Software,Single,Yes,Family,No,2.31,No,3.44,138,55000,STU1938,100.0,No,Single,Software,Artificial Intelligence,Good,0,0,Good,0.21197246641732762,0.7880275335826724
2020,Male,24,2019,BCSE,11,No,No,2,2,Offline,Yes,Yes,3,Intermediate,76,Yes,No,Yes,Networking,4,Hardware,Married,Yes,Family,No,1.26,No,2.37,143,56000,STU1939,76.0,No,Married,Hardware,Networking,At Risk,1,1,At Risk,0.94125,0.94125
2019,Female,25,2018,BCSE,11,No,No,1,2,Online,Yes,Yes,4,Basic,66,No,No,Yes,Networking,4,Hardware,Single,Yes,Family,No,1.55,No,2.78,143,57000,STU1940,66.0,No,Single,Hardware,Networking,At Risk,1,1,At Risk,0.9214723092998954,0.9214723092998954
2021,Female,20,2020,BCSE,9,No,No,2,3,Offline,Yes,Yes,2,Advance,100,Yes,No,No,Programming,4,UI/UX,Relationship,Yes,Bachelor,No,2.64,No,3.71,129,59000,STU1941,100.0,No,Relationship,UI/UX Design,Programming,Good,0,0,Good,0.08299025974025975,0.9170097402597402
2021,Male,20,2020,BCSE,10,No,No,1,2,Offline,Yes,Yes,2,Advance,100,Yes,No,No,Programming,2,UI/UX,Relationship,Yes,Bachelor,No,2.76,No,3.81,134,59000,STU1942,100.0,No,Relationship,UI/UX Design,Programming,Good,0,0,Good,0.14299025974025972,0.8570097402597403
2020,Male,25,2018,BCSE,8,No,No,4,2,Offline,Yes,Yes,7,Basic,88,No,No,No,Cyber security,1,Data Science,Single,Yes,Bachelor,No,1.62,No,2.45,99,60000,STU1943,88.0,No,Single,Data Science,Cyber Security,At Risk,1,1,At Risk,0.8993400419838828,0.8993400419838828
2020,Female,23,2019,BCSE,11,Yes,No,2,2,Online,Yes,Yes,4,Basic,80,No,No,No,Networking,2,Software,Single,Yes,Family,No,2.88,No,3.6,109,60000,STU1944,80.0,No,Single,Software,Networking,Good,0,0,Good,0.21199661749559603,0.7880033825044039
2021,Female,23,2019,BCSE,5,No,No,3,2,Offline,Yes,Yes,6,Intermediate,90,Yes,No,Yes,Programming,4,Software,Relationship,Yes,Family,No,2.61,No,3.57,130,60000,STU1945,90.0,No,Relationship,Software,Programming,Good,0,0,Good,0.2729127908859371,0.7270872091140629
2021,Female,23,2019,BCSE,7,Yes,No,1,2,Offline,Yes,Yes,2,Intermediate,100,No,No,Yes,Networking,2,Artificial Intelligence,Single,Yes,Family,No,2.85,No,3.79,66,60000,STU1946,100.0,No,Single,Artificial Intelligence,Networking,Good,0,0,Good,0.33200712600123716,0.6679928739987628
2019,Male,23,2019,BCSE,12,No,No,5,2,Offline,Yes,No,10,Advance,100,No,No,No,Networking,1,Networking,Single,No,Family,No,2.19,No,3.7,111,60000,STU1947,100.0,No,Single,Networking,Networking,Good,0,0,Good,0.2006707334018577,0.7993292665981423
2021,Female,22,2019,BCSE,7,No,No,2,2,Offline,Yes,Yes,4,Intermediate,60,Yes,No,Yes,Networking,2,Software,Single,Yes,Bachelor,No,1.9,No,2.81,97,60000,STU1948,60.0,No,Single,Software,Networking,At Risk,1,1,At Risk,0.9203491508491508,0.9203491508491508
2020,Female,21,2019,BCSE,8,No,No,5,2,Online,Yes,Yes,7,Advance,75,No,No,No,Networking,3,Hardware,Single,Yes,Bachelor,Yes,1.89,No,3.08,117,60000,STU1949,75.0,Yes,Single,Hardware,Networking,At Risk,1,1,At Risk,0.866611920880538,0.866611920880538
2021,Female,21,2019,BCSE,10,No,No,1,3,Offline,Yes,Yes,10,Advance,100,No,No,Yes,Web development,1,Software,Relationship,No,Bachelor,No,2.77,No,3.81,136,60000,STU1950,100.0,No,Relationship,Software,Web Development,Good,0,0,Good,0.20081882183518002,0.7991811781648199
2021,Male,22,2020,BCSE,6,No,No,2,1,Offline,Yes,Yes,8,Intermediate,95,No,No,No,Programming,1,Data Science,Single,Yes,Family,Yes,1.4,No,2.95,61,60000,STU1951,95.0,Yes,Single,Data Science,Programming,At Risk,1,1,At Risk,0.8797497662672302,0.8797497662672302
2021,Female,20,2020,BCSE,6,Yes,No,5,3,Offline,Yes,Yes,4,Advance,50,No,No,No,Machine Learning,1,UI/UX,Single,No,Bachelor,No,1.76,No,2.87,68,60000,STU1952,50.0,No,Single,UI/UX Design,Machine Learning,At Risk,1,1,At Risk,0.8017784090302095,0.8017784090302095
2021,Female,20,2021,BCSE,7,Yes,No,5,3,Offline,Yes,Yes,2,Advance,100,No,No,Yes,Networking,1,Hardware,Married,No,Family,No,2.66,No,3.83,102,60000,STU1953,100.0,No,Married,Hardware,Networking,Good,0,0,Good,0.09898495876953364,0.9010150412304664
2021,Male,20,2020,BCSE,9,No,No,2,2,Offline,Yes,Yes,2,Intermediate,35,Yes,No,Yes,Programming,1,UI/UX,Single,No,Family,No,1.56,No,2.62,107,62000,STU1954,35.0,No,Single,UI/UX Design,Programming,At Risk,1,1,At Risk,0.9640952380952379,0.9640952380952379
2022,Female,20,2021,BCSE,5,No,No,3,2,Offline,Yes,Yes,3,Intermediate,100,No,No,Yes,Networking,4,Hardware,Married,No,Family,No,2.87,No,3.91,61,62000,STU1955,100.0,No,Married,Hardware,Networking,Good,0,0,Good,0.1968057953458226,0.8031942046541773
2019,Male,24,2019,BCSE,10,Yes,No,4,1,Offline,Yes,Yes,7,Intermediate,87,Yes,No,No,Cyber security,3,Data Science,Single,No,Bachelor,No,2.09,No,3.23,129,64000,STU1956,87.0,No,Single,Data Science,Cyber Security,Good,0,1,At Risk,0.544203501868975,0.544203501868975
2021,Female,20,2020,BCSE,9,No,No,5,2,Online,Yes,Yes,2,Advance,86,No,No,Yes,Artificial Intelligence,2,Data Science,Single,Yes,Bachelor,No,1.56,No,2.66,120,64000,STU1957,86.0,No,Single,Data Science,Artificial Intelligence,At Risk,1,1,At Risk,0.861460086093213,0.861460086093213
2020,Female,21,2020,BCSE,10,Yes,No,7,3,Offline,Yes,Yes,3,Intermediate,100,No,No,No,Networking,2,Hardware,Married,No,Family,Yes,2.78,No,3.89,138,65000,STU1958,100.0,Yes,Married,Hardware,Networking,Good,0,0,Good,0.07477544831085219,0.9252245516891479
2021,Male,20,2020,BCSE,9,No,No,1,1,Offline,Yes,Yes,2,Intermediate,67,No,No,Yes,Cyber security,2,Data Science,Married,Yes,Family,No,2.45,No,3.51,103,65000,STU1959,67.0,No,Married,Data Science,Cyber Security,Good,0,0,Good,0.24848314226982945,0.7515168577301705
2022,Female,19,2022,BCSE,3,No,No,3,1,Offline,Yes,Yes,3,Advance,95,No,No,No,Machine Learning,1,Hardware,Single,No,Bachelor,No,2.78,No,3.89,35,65000,STU1960,95.0,No,Single,Hardware,Machine Learning,Good,0,0,Good,0.287148484261482,0.712851515738518
2019,Male,24,2018,BCSE,11,No,No,5,2,Offline,Yes,Yes,3,Intermediate,100,No,No,Yes,Web development,2,Software,Relationship,No,Bachelor,Yes,1.67,No,2.73,143,66000,STU1961,100.0,Yes,Relationship,Software,Web Development,At Risk,1,1,At Risk,0.8571609808274387,0.8571609808274387
2020,Male,22,2019,BCSE,10,No,No,2,2,Offline,Yes,No,9,Advance,100,No,No,No,Programming,4,Software,Relationship,Yes,Bachelor,No,1.55,No,2.68,134,66000,STU1962,100.0,No,Relationship,Software,Programming,At Risk,1,1,At Risk,0.8857893633215673,0.8857893633215673
2023,Female,19,2021,BCSE,2,No,No,2,2,Online,Yes,Yes,10,Advance,77,No,No,No,Machine Learning,2,Software,Relationship,No,Family,No,1.87,No,2.88,35,66000,STU1963,77.0,No,Relationship,Software,Machine Learning,At Risk,1,1,At Risk,0.8462327199137127,0.8462327199137127
2022,Male,21,2021,BCSE,5,No,No,4,2,Offline,Yes,Yes,2,Advance,85,No,No,No,Web development,4,Software,Relationship,Yes,Bachelor,No,1.56,No,2.63,65,66000,STU1964,85.0,No,Relationship,Software,Web Development,At Risk,1,1,At Risk,0.9426101401117485,0.9426101401117485
2021,Female,23,2019,BCSE,7,No,No,2,2,Online,Yes,Yes,6,Intermediate,100,No,No,Yes,Programming,1,Hardware,Relationship,No,Family,No,2.7,No,3.5,66,67000,STU1965,100.0,No,Relationship,Hardware,Programming,Good,0,0,Good,0.3753856827791632,0.6246143172208368
2021,Female,20,2020,BCSE,9,No,No,2,2,Offline,Yes,No,2,Intermediate,89,Yes,No,Yes,Networking,4,Hardware,Single,No,Family,No,2.76,No,3.8,113,67000,STU1966,89.0,No,Single,Hardware,Networking,Good,0,0,Good,0.33141267033956795,0.6685873296604321
2021,Male,22,2021,BCSE,8,No,No,2,2,Offline,Yes,Yes,3,Intermediate,68,Yes,No,No,Cyber security,4,Data Science,Single,Yes,Bachelor,No,1.45,No,2.56,88,67000,STU1967,68.0,No,Single,Data Science,Cyber Security,At Risk,1,1,At Risk,0.9604803488579232,0.9604803488579232
2020,Male,20,2020,BCSE,8,No,No,5,3,Online,Yes,Yes,6,Advance,90,No,No,No,Programming,2,UI/UX,Married,Yes,Family,No,1.55,No,2.76,77,68000,STU1968,90.0,No,Married,UI/UX Design,Programming,At Risk,1,1,At Risk,0.723305397805721,0.723305397805721
2021,Male,20,2020,BCSE,9,No,No,2,3,Offline,Yes,Yes,2,Intermediate,87,No,No,No,Networking,4,Hardware,Single,No,Bachelor,No,2.67,No,3.73,101,68000,STU1969,87.0,No,Single,Hardware,Networking,Good,0,0,Good,0.16949260507308303,0.8305073949269169
2021,Female,21,2020,BCSE,9,No,No,2,2,Offline,Yes,Yes,3,Advance,86,No,No,Yes,Artificial Intelligence,1,Data Science,Single,Yes,Bachelor,Yes,2.86,No,3.9,119,68000,STU1970,86.0,Yes,Single,Data Science,Artificial Intelligence,Good,0,0,Good,0.1338359800704889,0.8661640199295111
2020,Female,22,2018,BCSE,6,No,No,4,3,Offline,Yes,Yes,2,Intermediate,80,No,No,No,Cyber security,3,UI/UX,Single,No,Family,Yes,2.03,No,3.25,59,70000,STU1971,80.0,Yes,Single,UI/UX Design,Cyber Security,Good,0,0,Good,0.37544152942527886,0.6245584705747211
2019,Female,22,2018,BCSE,10,No,No,4,2,Offline,Yes,Yes,7,Advance,95,No,No,No,Networking,2,Software,Relationship,No,Family,No,2.31,No,3.65,140,70000,STU1972,95.0,No,Relationship,Software,Networking,Good,0,0,Good,0.11703613267739087,0.8829638673226091
2021,Female,22,2019,BCSE,8,Yes,No,4,3,Offline,Yes,No,3,Advance,100,No,No,No,Networking,3,Hardware,Single,Yes,Bachelor,No,2.66,No,3.78,109,70000,STU1973,100.0,No,Single,Hardware,Networking,Good,0,0,Good,0.06769184981684981,0.9323081501831502
2022,Female,20,2021,BCSE,5,No,No,6,2,Online,Yes,Yes,3,Intermediate,100,No,No,No,Programming,2,Software,Relationship,No,Family,No,2.11,No,3.26,87,70000,STU1974,100.0,No,Relationship,Software,Programming,Good,0,0,Good,0.14473932982366006,0.8552606701763399
2022,Male,19,2021,BCSE,5,No,No,3,3,Offline,Yes,Yes,3,Intermediate,100,No,No,No,Networking,4,Hardware,Single,No,Family,No,1.67,No,2.7,77,70000,STU1975,100.0,No,Single,Hardware,Networking,At Risk,1,1,At Risk,0.8505014612307417,0.8505014612307417
2019,Male,23,2019,BCSE,11,Yes,No,3,2,Offline,Yes,Yes,5,Advance,97,No,No,Yes,Programming,3,UI/UX,Single,Yes,Bachelor,No,2.4,No,3.44,139,71000,STU1976,97.0,No,Single,UI/UX Design,Programming,Good,0,0,Good,0.1359363331927489,0.8640636668072511
2021,Female,21,2020,BCSE,3,No,No,3,2,Online,Yes,Yes,10,Basic,30,Yes,No,No,Machine Learning,1,Hardware,Single,No,Family,No,1.55,No,2.81,34,73000,STU1977,30.0,No,Single,Hardware,Machine Learning,At Risk,1,1,At Risk,0.8745341614906832,0.8745341614906832
2022,Female,20,2020,BCSE,5,Yes,No,5,2,Online,Yes,Yes,9,Intermediate,90,No,No,Yes,Cyber security,1,Data Science,Single,Yes,Bachelor,No,2.55,No,3.59,72,73000,STU1978,90.0,No,Single,Data Science,Cyber Security,Good,0,0,Good,0.47285435511754825,0.5271456448824517
2021,Male,20,2021,BCSE,9,No,No,1,4,Offline,Yes,Yes,3,Intermediate,87,Yes,No,Yes,Web development,4,Software,Relationship,Yes,Family,No,2.45,No,3.56,123,74000,STU1979,87.0,No,Relationship,Software,Web Development,Good,0,0,Good,0.12036749826960805,0.879632501730392
2019,Male,21,2019,BCSE,11,Yes,No,6,4,Offline,Yes,Yes,2,Advance,100,No,No,Yes,Programming,3,UI/UX,Single,No,Bachelor,No,2.77,No,3.87,139,75000,STU1980,100.0,No,Single,UI/UX Design,Programming,Good,0,0,Good,0.09798192923159366,0.9020180707684063
2021,Female,20,2020,BCSE,8,No,No,3,1,Offline,Yes,Yes,3,Intermediate,100,No,No,No,Programming,2,UI/UX,Single,Yes,Bachelor,No,2.53,No,3.6,95,75000,STU1981,100.0,No,Single,UI/UX Design,Programming,Good,0,0,Good,0.14970854097948086,0.8502914590205192
2022,Female,19,2021,BCSE,6,No,No,3,1,Online,Yes,Yes,3,Intermediate,43,Yes,No,Yes,Machine Learning,2,Data Science,Relationship,Yes,Bachelor,Yes,1.65,No,2.71,73,75000,STU1982,43.0,Yes,Relationship,Data Science,Machine Learning,At Risk,1,1,At Risk,0.9235451505016722,0.9235451505016722
2021,Female,19,2020,BCSE,4,No,No,3,1,Online,Yes,Yes,9,Basic,70,No,No,No,Artificial Intelligence,3,Hardware,Relationship,No,Bachelor,Yes,2.32,No,3.68,46,77000,STU1983,70.0,Yes,Relationship,Hardware,Artificial Intelligence,Good,0,0,Good,0.19711554956910987,0.8028844504308901
2020,Female,20,2020,BCSE,11,No,No,1,3,Offline,Yes,Yes,2,Intermediate,76,No,No,No,Programming,2,UI/UX,Married,Yes,Family,No,2.61,No,3.7,144,77000,STU1984,76.0,No,Married,UI/UX Design,Programming,Good,0,0,Good,0.20027535586109446,0.7997246441389055
2020,Male,20,2020,BCSE,11,No,No,2,1,Online,Yes,Yes,3,Intermediate,54,Yes,No,No,Programming,4,UI/UX,Single,Yes,Family,No,1.55,No,2.61,143,77000,STU1985,54.0,No,Single,UI/UX Design,Programming,At Risk,1,1,At Risk,0.7005087719298245,0.7005087719298245
2021,Male,19,2021,BCSE,4,No,No,4,2,Online,Yes,Yes,8,Intermediate,100,No,No,Yes,Machine Learning,2,Data Science,Single,Yes,Family,No,2.23,No,3.67,45,77000,STU1986,100.0,No,Single,Data Science,Machine Learning,Good,0,0,Good,0.2129368470524985,0.7870631529475015
2018,Male,25,2017,BCSE,12,No,No,1,3,Online,Yes,Yes,3,Advance,60,Yes,No,Yes,Programming,3,Software,Relationship,Yes,Bachelor,No,2.45,No,3.34,122,78000,STU1987,60.0,No,Relationship,Software,Programming,Good,0,1,At Risk,0.5851052631578947,0.5851052631578947
2020,Female,22,2017,BCSE,11,No,No,1,1,Online,Yes,Yes,3,Intermediate,90,No,No,No,Networking,1,Artificial Intelligence,Married,No,Family,Yes,2.11,No,3.56,132,78000,STU1988,90.0,Yes,Married,Artificial Intelligence,Networking,Good,0,0,Good,0.272716459520777,0.7272835404792231
2020,Male,24,2019,BCSE,10,No,No,3,2,Offline,Yes,Yes,5,Intermediate,77,No,No,No,Artificial Intelligence,1,Data Science,Single,No,Bachelor,No,1.59,No,2.62,132,78000,STU1989,77.0,No,Single,Data Science,Artificial Intelligence,At Risk,1,1,At Risk,0.8620596676648435,0.8620596676648435
2019,Male,25,2019,BCSE,11,No,No,5,1,Offline,Yes,Yes,3,Advance,100,Yes,No,No,Web development,4,Software,Relationship,Yes,Family,No,2.56,No,3.67,143,78000,STU1990,100.0,No,Relationship,Software,Web Development,Good,0,0,Good,0.1643496150007306,0.8356503849992694
2021,Male,20,2020,BCSE,6,No,No,6,3,Online,Yes,No,3,Advance,100,No,No,No,Networking,1,Data Science,Single,Yes,Bachelor,No,2.76,No,3.77,97,78000,STU1991,100.0,No,Single,Data Science,Networking,Good,0,0,Good,0.161921890053206,0.838078109946794
2021,Male,21,2020,BCSE,9,No,No,2,3,Offline,Yes,Yes,3,Intermediate,100,No,No,Yes,Web development,4,Software,Single,Yes,Bachelor,No,2.76,No,3.8,124,78000,STU1992,100.0,No,Single,Software,Web Development,Good,0,0,Good,0.21157462963662088,0.7884253703633791
2021,Male,20,2020,BCSE,8,No,No,3,3,Offline,Yes,No,2,Intermediate,100,No,No,No,Cyber security,4,Data Science,Single,No,Bachelor,No,2.61,No,3.7,98,79000,STU1993,100.0,No,Single,Data Science,Cyber Security,Good,0,0,Good,0.17195399817818457,0.8280460018218154
2020,Female,20,2020,BCSE,11,Yes,No,1,3,Offline,Yes,Yes,3,Basic,100,No,No,No,Programming,4,UI/UX,Relationship,No,Family,No,2.75,No,3.86,143,79000,STU1994,100.0,No,Relationship,UI/UX Design,Programming,Good,0,0,Good,0.12902962246579266,0.8709703775342074
2020,Male,21,2019,BCSE,10,Yes,No,2,3,Offline,Yes,Yes,3,Basic,90,No,Yes,No,Programming,3,Data Science,Relationship,Yes,Family,No,1.98,No,3.11,125,80000,STU1995,90.0,No,Relationship,Data Science,Programming,At Risk,1,1,At Risk,0.786834706959707,0.786834706959707
2020,Male,20,2019,BCSE,9,Yes,No,6,4,Offline,Yes,Yes,3,Advance,100,No,No,No,Programming,3,UI/UX,Single,No,Family,No,2.77,No,3.87,125,80000,STU1996,100.0,No,Single,UI/UX Design,Programming,Good,0,0,Good,0.0997465040689946,0.9002534959310053
2022,Male,21,2021,BCSE,5,No,No,2,2,Offline,Yes,Yes,5,Intermediate,78,No,No,Yes,Artificial Intelligence,2,Hardware,Single,Yes,Family,No,1.79,No,2.82,71,80000,STU1997,78.0,No,Single,Hardware,Artificial Intelligence,At Risk,1,1,At Risk,0.7923906007042736,0.7923906007042736
2022,Female,21,2021,BCSE,6,No,No,3,2,Online,Yes,Yes,2,Intermediate,100,Yes,No,No,Artificial Intelligence,2,Software,Single,No,Bachelor,No,1.88,No,2.91,74,80000,STU1998,100.0,No,Single,Software,Artificial Intelligence,At Risk,1,1,At Risk,0.8505555555555556,0.8505555555555556
2020,Male,21,2020,BCSE,8,No,No,3,1,Online,Yes,Yes,7,Intermediate,71,No,No,No,Machine Learning,1,Software,Relationship,Yes,Bachelor,Yes,2.38,No,3.49,109,81000,STU1999,71.0,Yes,Relationship,Software,Machine Learning,Good,0,0,Good,0.24195408420444792,0.7580459157955521
2021,Male,20,2020,BCSE,9,No,No,4,2,Online,Yes,Yes,5,Intermediate,100,No,No,Yes,Web development,1,Software,Relationship,No,Bachelor,No,2.08,No,3.21,113,83000,STU2000,100.0,No,Relationship,Software,Web Development,Good,0,0,Good,0.25668948001962866,0.7433105199803713
2022,Female,21,2021,BCSE,4,No,No,5,2,Online,Yes,Yes,7,Intermediate,70,No,No,No,Programming,1,Hardware,Relationship,No,Family,No,1.89,No,3.4,56,86000,STU2001,70.0,No,Relationship,Hardware,Programming,Good,0,0,Good,0.3181455250194747,0.6818544749805253
2021,Male,20,2019,BCSE,6,No,No,2,1,Online,Yes,Yes,5,Advance,31,Yes,Yes,Yes,Programming,1,Software,Married,Yes,Family,No,1.21,No,2.47,139,87000,STU2002,31.0,No,Married,Software,Programming,At Risk,1,1,At Risk,0.89,0.89
2020,Male,20,2019,BCSE,8,No,No,3,2,Offline,Yes,Yes,6,Intermediate,60,No,No,Yes,Machine Learning,2,Software,Single,Yes,Bachelor,No,1.81,No,2.86,117,87000,STU2003,60.0,No,Single,Software,Machine Learning,At Risk,1,1,At Risk,0.7678942072759143,0.7678942072759143
2022,Male,20,2021,BCSE,8,No,No,5,3,Offline,Yes,Yes,8,Advance,100,No,No,Yes,Programming,3,UI/UX,Single,Yes,Bachelor,Yes,2.45,No,3.68,124,87000,STU2004,100.0,Yes,Single,UI/UX Design,Programming,Good,0,0,Good,0.08069375953093312,0.9193062404690668
2018,Male,25,2018,BCSE,11,No,No,2,2,Offline,Yes,Yes,2,Intermediate,100,No,No,Yes,Web development,2,Software,Married,Yes,Family,No,1.56,No,2.66,143,88000,STU2005,100.0,No,Married,Software,Web Development,At Risk,1,1,At Risk,0.8752730635732553,0.8752730635732553
2020,Female,25,2019,BCSE,11,No,No,3,1,Offline,Yes,Yes,3,Advance,100,Yes,No,No,Web development,2,Software,Single,Yes,Bachelor,No,1.6,No,2.68,143,88000,STU2006,100.0,No,Single,Software,Web Development,At Risk,1,1,At Risk,0.8862298850574711,0.8862298850574711
2020,Female,20,2020,BCSE,11,No,No,2,2,Online,Yes,Yes,3,Advance,56,Yes,No,No,Programming,2,UI/UX,Relationship,No,Bachelor,No,1.81,No,2.89,144,88000,STU2007,56.0,No,Relationship,UI/UX Design,Programming,At Risk,1,1,At Risk,0.7106666666666667,0.7106666666666667
2021,Female,20,2021,BCSE,7,No,No,3,3,Offline,Yes,Yes,2,Intermediate,100,Yes,No,Yes,Artificial Intelligence,5,Software,Married,No,Family,No,1.76,No,2.81,96,88000,STU2008,100.0,No,Married,Software,Artificial Intelligence,At Risk,1,1,At Risk,0.9181247255160297,0.9181247255160297
2020,Female,21,2020,BCSE,10,No,No,2,1,Offline,Yes,Yes,2,Basic,86,Yes,No,Yes,Artificial Intelligence,4,Data Science,Single,No,Bachelor,No,1.57,No,2.65,135,89000,STU2009,86.0,No,Single,Data Science,Artificial Intelligence,At Risk,1,1,At Risk,0.9354714912280702,0.9354714912280702
2020,Male,24,2019,BCSE,10,No,No,3,2,Offline,Yes,Yes,5,Advance,100,No,No,No,Networking,2,Hardware,Single,Yes,Bachelor,No,2.05,No,3.45,85,90000,STU2010,100.0,No,Single,Hardware,Networking,Good,0,0,Good,0.1926306582909844,0.8073693417090155
2021,Male,20,2020,BCSE,9,No,No,3,2,Offline,Yes,Yes,1,Advance,67,Yes,No,No,Programming,2,UI/UX,Single,No,Family,No,2.38,No,3.47,130,90000,STU2011,67.0,No,Single,UI/UX Design,Programming,Good,0,0,Good,0.4838743549503344,0.5161256450496656
2021,Female,20,2020,BCSE,8,No,No,2,2,Offline,Yes,No,2,Advance,100,Yes,No,No,Programming,1,UI/UX,Relationship,Yes,Family,No,2.67,No,3.73,93,90000,STU2012,100.0,No,Relationship,UI/UX Design,Programming,Good,0,0,Good,0.11595777878035943,0.8840422212196406
2022,Male,22,2021,BCSE,6,No,No,3,1,Offline,Yes,Yes,2,Intermediate,100,No,No,Yes,Web development,2,Software,Single,No,Bachelor,No,1.56,No,2.67,71,90000,STU2013,100.0,No,Single,Software,Web Development,At Risk,1,1,At Risk,0.7922284874545074,0.7922284874545074
2021,Male,20,2020,BCSE,9,No,No,2,2,Offline,Yes,Yes,3,Advance,100,Yes,No,Yes,Networking,1,Hardware,Relationship,Yes,Family,No,1.91,No,2.96,109,94000,STU2014,100.0,No,Relationship,Hardware,Networking,At Risk,1,1,At Risk,0.9118249467105402,0.9118249467105402
2020,Male,24,2017,BCSE,9,No,No,3,2,Online,Yes,Yes,2,Intermediate,70,Yes,No,No,Networking,2,UI/UX,Relationship,Yes,Family,Yes,1.89,No,3.18,113,95000,STU2015,70.0,Yes,Relationship,UI/UX Design,Networking,At Risk,1,1,At Risk,0.764145299145299,0.764145299145299
2021,Female,20,2019,BCSE,7,No,No,4,2,Offline,Yes,Yes,6,Advance,100,No,No,No,Web development,1,UI/UX,Single,No,Family,No,2.76,No,3.88,109,95000,STU2016,100.0,No,Single,UI/UX Design,Web Development,Good,0,0,Good,0.1357009647278088,0.8642990352721912
2020,Female,23,2019,BCSE,11,No,No,3,1,Offline,Yes,Yes,3,Intermediate,100,Yes,No,No,Programming,2,Software,Relationship,Yes,Bachelor,No,2.76,No,3.84,144,96000,STU2017,100.0,No,Relationship,Software,Programming,Good,0,0,Good,0.13994444444444443,0.8600555555555556
2022,Male,20,2021,BCSE,6,Yes,No,5,3,Offline,Yes,Yes,2,Advance,76,Yes,No,No,Programming,1,UI/UX,Relationship,Yes,Bachelor,No,2.7,No,3.87,78,97000,STU2018,76.0,No,Relationship,UI/UX Design,Programming,Good,0,0,Good,0.4288160474716202,0.5711839525283797
2019,Male,22,2019,BCSE,11,No,Yes,2,1,Offline,Yes,Yes,3,Intermediate,100,No,No,No,Programming,2,UI/UX,Single,No,Family,No,2.56,No,3.64,143,98000,STU2019,100.0,No,Single,UI/UX Design,Programming,Good,0,0,Good,0.2257979165143456,0.7742020834856544
2022,Male,20,2020,BCSE,5,No,No,1,1,Online,Yes,Yes,2,Intermediate,78,Yes,No,Yes,Networking,1,Hardware,Relationship,No,Family,No,1.81,No,2.84,71,98000,STU2020,78.0,No,Relationship,Hardware,Networking,At Risk,1,1,At Risk,0.79525,0.79525
2020,Male,24,2018,BCSE,8,No,No,2,2,Offline,Yes,Yes,8,Basic,98,No,No,No,Networking,3,Hardware,Single,No,Family,Yes,2.53,No,3.36,76,100000,STU2021,98.0,Yes,Single,Hardware,Networking,Good,0,0,Good,0.31921617325448787,0.6807838267455122
2019,Female,23,2019,BCSE,5,No,No,2,1,Offline,Yes,Yes,7,Basic,90,Yes,No,Yes,Networking,2,Hardware,Single,Yes,Bachelor,No,2.54,No,3.57,84,100000,STU2022,90.0,No,Single,Hardware,Networking,Good,0,0,Good,0.19049163193128713,0.8095083680687128
2019,Female,22,2019,BCSE,6,No,No,4,2,Offline,Yes,Yes,4,Intermediate,80,No,No,Yes,Programming,1,Software,Single,Yes,Family,No,2.45,No,3.5,16,100000,STU2023,80.0,No,Single,Software,Programming,Good,0,0,Good,0.3363727615554633,0.6636272384445367
2020,Female,21,2020,BCSE,8,Yes,Yes,8,3,Offline,Yes,Yes,2,Advance,100,No,No,No,Networking,4,UI/UX,Single,No,Family,No,2.91,No,4.0,97,100000,STU2024,100.0,No,Single,UI/UX Design,Networking,Good,0,0,Good,0.03425431980398423,0.9657456801960158
2022,Male,20,2021,BCSE,6,No,No,1,2,Offline,Yes,Yes,2,Intermediate,54,No,No,Yes,Networking,4,Hardware,Married,Yes,Family,No,2.67,No,3.77,78,100000,STU2025,54.0,No,Married,Hardware,Networking,Good,0,0,Good,0.1887611986957121,0.8112388013042879
2019,Female,22,2018,BCSE,11,No,No,5,3,Offline,Yes,Yes,8,Intermediate,77,No,No,Yes,Machine Learning,2,Software,Single,No,Bachelor,No,2.33,No,3.88,144,110000,STU2026,77.0,No,Single,Software,Machine Learning,Good,0,0,Good,0.16461287328592825,0.8353871267140718
2021,Male,24,2019,BCSE,10,No,No,1,2,Online,Yes,Yes,3,Basic,100,Yes,No,No,Networking,4,Hardware,Married,Yes,Family,No,2.87,No,3.91,140,110000,STU2027,100.0,No,Married,Hardware,Networking,Good,0,0,Good,0.16859258031240787,0.8314074196875921
2020,Female,20,2020,BCSE,10,No,No,3,2,Online,Yes,No,9,Advance,100,No,No,No,Artificial Intelligence,4,Hardware,Relationship,Yes,Bachelor,No,2.09,No,3.23,119,110000,STU2028,100.0,No,Relationship,Hardware,Artificial Intelligence,Good,0,0,Good,0.12040079365079365,0.8795992063492064
2020,Female,25,2018,BCSE,9,No,No,2,3,Online,Yes,Yes,3,Intermediate,77,Yes,No,Yes,Networking,2,Hardware,Married,Yes,Family,No,1.67,No,2.73,124,112000,STU2029,77.0,No,Married,Hardware,Networking,At Risk,1,1,At Risk,0.93,0.93
2022,Female,20,2021,BCSE,5,No,No,1,1,Online,Yes,Yes,10,Intermediate,45,Yes,No,No,Cyber security,1,Data Science,Relationship,Yes,Family,No,1.15,No,2.39,75,112000,STU2030,45.0,No,Relationship,Data Science,Cyber Security,At Risk,1,1,At Risk,0.8538177307742524,0.8538177307742524
2022,Female,21,2021,BCSE,5,No,No,2,2,Offline,Yes,Yes,3,Advance,100,Yes,No,Yes,Web development,4,Software,Married,No,Family,No,2.56,No,3.64,68,113000,STU2031,100.0,No,Married,Software,Web Development,Good,0,0,Good,0.20810380199510634,0.7918961980048936
2021,Male,20,2020,BCSE,7,No,No,3,2,Offline,Yes,No,3,Basic,100,No,No,No,Programming,3,Software,Single,No,Bachelor,No,1.99,No,2.94,88,120000,STU2032,100.0,No,Single,Software,Programming,At Risk,1,1,At Risk,0.8726258165144034,0.8726258165144034
2023,Female,19,2021,BCSE,2,Yes,No,6,4,Offline,Yes,Yes,4,Intermediate,100,No,Yes,No,Cyber security,3,Data Science,Single,Yes,Bachelor,No,2.78,No,3.8,29,120000,STU2033,100.0,No,Single,Data Science,Cyber Security,Good,0,0,Good,0.16791185491359273,0.8320881450864073
2020,Male,20,2019,BCSE,10,No,No,3,2,Offline,Yes,Yes,7,Intermediate,100,No,No,No,Cyber security,1,Hardware,Relationship,Yes,Bachelor,No,2.21,No,3.3,137,122000,STU2034,100.0,No,Relationship,Hardware,Cyber Security,Good,0,0,Good,0.10796588759191829,0.8920341124080817
2020,Male,20,2020,BCSE,11,No,No,3,3,Offline,Yes,Yes,3,Advance,100,No,No,No,Artificial Intelligence,1,Data Science,Relationship,No,Bachelor,No,1.46,No,2.51,143,122000,STU2035,100.0,No,Relationship,Data Science,Artificial Intelligence,At Risk,1,1,At Risk,0.847244195395567,0.847244195395567
2020,Male,20,2020,BCSE,10,Yes,No,2,2,Offline,Yes,Yes,2,Intermediate,64,Yes,No,No,Networking,4,Hardware,Single,No,Bachelor,Yes,2.67,No,3.78,136,127000,STU2036,64.0,Yes,Single,Hardware,Networking,Good,0,0,Good,0.09678113553113553,0.9032188644688645
2020,Male,21,2018,BCSE,9,No,No,5,3,Online,Yes,No,7,Intermediate,100,No,No,Yes,Networking,2,Hardware,Single,No,Bachelor,No,2.32,No,3.78,123,130000,STU2037,100.0,No,Single,Hardware,Networking,Good,0,0,Good,0.1837170084738143,0.8162829915261857
2022,Female,21,2020,BCSE,4,No,No,4,2,Offline,Yes,Yes,7,Intermediate,79,No,No,No,Artificial Intelligence,3,Hardware,Married,Yes,Family,No,2.22,No,3.41,59,133000,STU2038,79.0,No,Married,Hardware,Artificial Intelligence,Good,0,0,Good,0.14832828282828284,0.8516717171717172
2022,Female,20,2020,BCSE,3,No,No,4,2,Offline,Yes,Yes,7,Intermediate,80,No,No,Yes,Programming,1,UI/UX,Single,No,Bachelor,No,1.88,No,2.97,29,140000,STU2039,80.0,No,Single,UI/UX Design,Programming,At Risk,1,1,At Risk,0.8053526424235815,0.8053526424235815
2020,Male,20,2020,BCSE,10,No,No,2,1,Online,Yes,Yes,3,Basic,73,Yes,No,No,Networking,2,Hardware,Married,No,Bachelor,No,1.45,No,2.52,135,140000,STU2040,73.0,No,Married,Hardware,Networking,At Risk,1,1,At Risk,0.7061978021978021,0.7061978021978021
2020,Male,25,2018,BCSE,9,No,No,3,1,Offline,Yes,Yes,2,Advance,87,Yes,No,No,Networking,4,Hardware,Single,Yes,Family,No,1.54,No,2.62,121,144000,STU2041,87.0,No,Single,Hardware,Networking,At Risk,1,1,At Risk,0.874857142857143,0.874857142857143
2021,Male,20,2020,BCSE,8,No,No,3,3,Offline,Yes,Yes,3,Intermediate,100,No,No,Yes,Networking,1,Hardware,Single,Yes,Family,No,2.78,No,3.86,89,145000,STU2042,100.0,No,Single,Hardware,Networking,Good,0,0,Good,0.1870479570794229,0.8129520429205771
2019,Male,21,2018,BCSE,11,No,No,2,2,Offline,Yes,Yes,3,Intermediate,80,No,No,No,Programming,4,UI/UX,Single,No,Bachelor,No,2.1,No,3.41,139,150000,STU2043,80.0,No,Single,UI/UX Design,Programming,Good,0,0,Good,0.2180752834142624,0.7819247165857376
2020,Male,24,2019,BCSE,11,No,No,5,3,Offline,Yes,No,2,Advance,100,Yes,No,Yes,Networking,1,Hardware,Single,No,Family,No,2.57,No,3.63,144,150000,STU2044,100.0,No,Single,Hardware,Networking,Good,0,0,Good,0.13716174148432211,0.8628382585156779
2022,Female,19,2021,BCSE,4,No,No,2,2,Offline,Yes,Yes,4,Intermediate,100,No,No,No,Artificial Intelligence,1,Software,Relationship,Yes,Family,No,2.44,No,3.59,68,155000,STU2045,100.0,No,Relationship,Software,Artificial Intelligence,Good,0,0,Good,0.1418919325132805,0.8581080674867195
2019,Male,23,2019,BCSE,10,No,No,3,1,Online,Yes,Yes,2,Basic,78,Yes,Yes,No,Networking,1,Hardware,Married,No,Family,No,1.67,No,2.77,139,160000,STU2046,78.0,No,Married,Hardware,Networking,At Risk,1,1,At Risk,0.7736263736263738,0.7736263736263738
2021,Female,21,2020,BCSE,6,No,No,3,3,Online,Yes,Yes,5,Advance,100,No,No,No,Artificial Intelligence,1,Hardware,Relationship,Yes,Bachelor,No,1.55,No,2.61,92,165000,STU2047,100.0,No,Relationship,Hardware,Artificial Intelligence,At Risk,1,1,At Risk,0.9149755717255716,0.9149755717255716
2021,Female,20,2020,BCSE,9,No,No,2,1,Offline,Yes,Yes,2,Intermediate,100,Yes,No,No,Cyber security,1,Data Science,Single,Yes,Family,Yes,2.34,No,3.42,103,165000,STU2048,100.0,Yes,Single,Data Science,Cyber Security,Good,0,0,Good,0.1872170678244236,0.8127829321755764
2021,Male,20,2020,BCSE,7,No,No,2,1,Offline,Yes,Yes,6,Basic,80,Yes,No,No,Web development,2,Hardware,Single,Yes,Family,No,1.54,No,2.95,90,169000,STU2049,80.0,No,Single,Hardware,Web Development,At Risk,1,1,At Risk,0.9384242424242424,0.9384242424242424
2020,Male,21,2020,BCSE,5,No,No,4,3,Offline,Yes,Yes,5,Basic,70,No,No,Yes,Web development,2,Software,Relationship,No,Family,No,2.0,No,3.03,71,170000,STU2050,70.0,No,Relationship,Software,Web Development,At Risk,1,1,At Risk,0.9101021951603877,0.9101021951603877
2020,Female,21,2018,BCSE,9,No,No,2,1,Online,Yes,Yes,10,Intermediate,50,Yes,No,Yes,Cyber security,2,Hardware,Relationship,No,Family,No,1.35,No,2.66,105,200000,STU2051,50.0,No,Relationship,Hardware,Cyber Security,At Risk,1,1,At Risk,0.9209605879171096,0.9209605879171096
2020,Female,20,2019,BCSE,7,No,No,6,5,Offline,Yes,Yes,3,Basic,100,No,No,Yes,Programming,4,Software,Single,No,Family,No,2.64,Yes,3.34,70,200000,STU2052,100.0,No,Single,Software,Programming,Good,0,0,Good,0.20330367358646162,0.7966963264135384
2020,Female,22,2019,BCSE,9,No,No,3,4,Offline,Yes,Yes,8,Intermediate,50,Yes,No,No,Cyber security,1,UI/UX,Relationship,No,Bachelor,No,1.7,No,3.0,95,200000,STU2053,50.0,No,Relationship,UI/UX Design,Cyber Security,At Risk,1,1,At Risk,0.9431510641075858,0.9431510641075858
2020,Female,22,2019,BCSE,10,No,No,3,2,Online,Yes,Yes,7,Intermediate,88,No,No,No,Web development,5,Networking,Relationship,No,Family,No,2.9,No,3.93,125,200000,STU2054,88.0,No,Relationship,Networking,Web Development,Good,0,0,Good,0.17367495114954729,0.8263250488504528
2020,Female,21,2020,BCSE,10,No,No,5,2,Offline,Yes,Yes,6,Advance,80,No,No,Yes,Programming,3,UI/UX,Single,No,Bachelor,No,1.9,No,3.1,99,200000,STU2055,80.0,No,Single,UI/UX Design,Programming,At Risk,1,1,At Risk,0.7599143201979001,0.7599143201979001
2020,Male,22,2019,BCSE,10,No,No,3,2,Offline,Yes,Yes,9,Intermediate,75,No,No,No,Cyber security,2,Hardware,Single,No,Bachelor,No,2.01,No,3.08,126,250000,STU2056,75.0,No,Single,Hardware,Cyber Security,At Risk,1,1,At Risk,0.6861843103812746,0.6861843103812746
2021,Female,20,2021,BCSE,7,Yes,No,5,4,Offline,Yes,Yes,2,Advance,100,No,No,Yes,Programming,4,UI/UX,Single,No,Family,No,2.33,No,3.89,104,277000,STU2057,100.0,No,Single,UI/UX Design,Programming,Good,0,0,Good,0.2404406811129262,0.7595593188870737
2020,Male,20,2020,BCSE,7,Yes,Yes,6,2,Online,Yes,Yes,4,Advance,70,No,No,No,Programming,3,Software,Single,No,Family,No,1.6,No,2.9,30,20000,STU2058,70.0,No,Single,Software,Programming,At Risk,1,1,At Risk,0.886726744294271,0.886726744294271
2020,Male,23,2019,BCSE,11,Yes,Yes,4,2,Online,Yes,Yes,3,Intermediate,96,No,No,No,Networking,3,Data Science,Single,No,Family,No,2.67,No,3.4,140,30000,STU2059,96.0,No,Single,Data Science,Networking,Good,0,0,Good,0.14686903164044515,0.8531309683595548
2022,Male,21,2021,BCSE,5,No,Yes,2,1,Online,Yes,Yes,1,Intermediate,95,No,No,Yes,Web development,4,Software,Single,Yes,Bachelor,No,1.05,No,2.8,18,30000,STU2060,95.0,No,Single,Software,Web Development,At Risk,1,1,At Risk,0.8764197002603897,0.8764197002603897
2022,Female,21,2021,BCSE,6,No,Yes,7,2,Offline,Yes,No,3,Advance,100,Yes,No,Yes,Programming,2,UI/UX,Relationship,Yes,Bachelor,No,1.47,No,2.54,88,32000,STU2061,100.0,No,Relationship,UI/UX Design,Programming,At Risk,1,1,At Risk,0.9125,0.9125
2022,Male,23,2020,BCSE,5,No,Yes,2,2,Offline,Yes,Yes,1,Basic,100,Yes,No,Yes,Programming,3,Software,Single,Yes,Bachelor,No,1.58,Yes,1.42,14,35000,STU2062,100.0,No,Single,Software,Programming,At Risk,1,1,At Risk,0.9393333333333334,0.9393333333333334
2021,Male,23,2020,BCSE,5,No,Yes,6,2,Offline,Yes,Yes,4,Basic,90,No,No,No,Web development,5,Software,Single,Yes,Bachelor,No,2.45,No,2.39,40,35000,STU2063,90.0,No,Single,Software,Web Development,At Risk,1,1,At Risk,0.7452958404163366,0.7452958404163366
2021,Male,19,2021,BCSE,8,No,Yes,3,3,Online,Yes,Yes,2,Advance,89,No,No,No,Cyber security,4,Data Science,Single,No,Family,No,1.87,No,2.8,136,35000,STU2064,89.0,No,Single,Data Science,Cyber Security,At Risk,1,1,At Risk,0.6557674081480842,0.6557674081480842
2020,Male,21,2019,BCSE,9,No,Yes,3,2,Online,Yes,Yes,8,Intermediate,70,No,No,No,Programming,1,Software,Single,No,Family,No,2.33,No,3.47,128,37000,STU2065,70.0,No,Single,Software,Programming,Good,0,0,Good,0.30520721003769585,0.6947927899623041
2020,Male,24,2019,BCSE,11,No,Yes,1,3,Offline,Yes,Yes,2,Advance,100,Yes,No,No,Cyber security,2,Data Science,Relationship,No,Bachelor,No,2.9,No,3.92,144,37000,STU2066,100.0,No,Relationship,Data Science,Cyber Security,Good,0,0,Good,0.14348560401171961,0.8565143959882804
2021,Female,19,2021,BCSE,6,No,Yes,3,1,Offline,Yes,Yes,5,Advance,60,Yes,No,No,Cyber security,3,Data Science,Single,No,Bachelor,No,1.78,No,2.63,97,37000,STU2067,60.0,No,Single,Data Science,Cyber Security,At Risk,1,1,At Risk,0.9509264264264263,0.9509264264264263
2020,Female,21,2019,BCSE,11,No,Yes,4,2,Offline,Yes,Yes,7,Advance,100,No,No,No,Cyber security,2,Software,Single,No,Family,No,2.77,No,3.91,139,38000,STU2068,100.0,No,Single,Software,Cyber Security,Good,0,0,Good,0.1679132936032766,0.8320867063967234
2021,Female,22,2021,BCSE,7,No,Yes,4,2,Offline,Yes,Yes,5,Advance,100,No,No,No,Cyber security,2,Hardware,Relationship,No,Family,No,1.98,No,3.03,111,39000,STU2069,100.0,No,Relationship,Hardware,Cyber Security,At Risk,1,1,At Risk,0.8826280723966893,0.8826280723966893
2020,Male,23,2018,BCSE,11,No,Yes,5,2,Online,Yes,Yes,11,Basic,35,No,No,Yes,Programming,2,Software,Relationship,Yes,Bachelor,No,1.43,No,2.65,107,40000,STU2070,35.0,No,Relationship,Software,Programming,At Risk,1,1,At Risk,0.9405513698630137,0.9405513698630137
2021,Male,20,2020,BCSE,9,Yes,Yes,5,2,Offline,Yes,Yes,3,Advance,100,No,No,No,Cyber security,3,Software,Single,No,Family,No,2.77,No,3.96,129,42000,STU2071,100.0,No,Single,Software,Cyber Security,Good,0,0,Good,0.11039647569682812,0.8896035243031719
2020,Female,20,2020,BCSE,11,Yes,Yes,2,2,Online,Yes,Yes,3,Advance,43,Yes,No,No,Networking,4,Hardware,Married,No,Family,No,2.81,No,3.9,144,43000,STU2072,43.0,No,Married,Hardware,Networking,Good,0,0,Good,0.07592300194931774,0.9240769980506822
2020,Female,21,2019,BCSE,11,No,Yes,3,1,Online,Yes,Yes,3,Intermediate,70,No,No,No,Programming,2,Software,Relationship,No,Bachelor,Yes,2.1,No,3.2,137,45000,STU2073,70.0,Yes,Relationship,Software,Programming,At Risk,1,1,At Risk,0.7073302729558223,0.7073302729558223
2020,Female,25,2019,BCSE,11,No,Yes,2,2,Offline,Yes,Yes,2,Intermediate,67,Yes,No,No,Machine Learning,4,Data Science,Relationship,Yes,Bachelor,No,1.87,No,2.92,144,45000,STU2074,67.0,No,Relationship,Data Science,Machine Learning,At Risk,1,1,At Risk,0.8217386569872958,0.8217386569872958
2022,Female,22,2020,BCSE,5,Yes,Yes,1,2,Offline,Yes,Yes,7,Intermediate,100,No,No,Yes,Programming,1,Software,Single,Yes,Family,Yes,2.58,No,3.74,39,45000,STU2075,100.0,Yes,Single,Software,Programming,Good,0,0,Good,0.30846286657103145,0.6915371334289686
2021,Female,22,2021,BCSE,6,No,Yes,3,1,Offline,Yes,Yes,7,Intermediate,80,Yes,No,Yes,Cyber security,2,Hardware,Relationship,No,Bachelor,No,1.77,No,2.82,109,45000,STU2076,80.0,No,Relationship,Hardware,Cyber Security,At Risk,1,1,At Risk,0.9007446082446083,0.9007446082446083
2018,Male,24,2018,BCSE,11,No,Yes,3,1,Offline,Yes,Yes,7,Intermediate,88,Yes,No,Yes,Artificial Intelligence,3,Hardware,Single,No,Family,No,2.16,No,3.33,143,46000,STU2077,88.0,No,Single,Hardware,Artificial Intelligence,Good,0,0,Good,0.2799493978243978,0.7200506021756021
2020,Female,23,2018,BCSE,11,Yes,Yes,1,1,Offline,Yes,No,2,Advance,100,No,No,No,Programming,3,Hardware,Single,Yes,Family,Yes,2.53,No,3.81,132,50000,STU2078,100.0,Yes,Single,Hardware,Programming,Good,0,0,Good,0.1308257326007326,0.8691742673992674
2022,Male,23,2020,BCSE,8,No,Yes,3,2,Offline,Yes,Yes,3,Advance,98,No,No,Yes,Web development,2,Software,Relationship,No,Family,No,2.75,No,3.64,18,50000,STU2079,98.0,No,Relationship,Software,Web Development,Good,0,0,Good,0.29994370284840827,0.7000562971515918
2020,Female,20,2020,BCSE,9,No,Yes,3,2,Online,Yes,Yes,7,Advance,70,No,No,Yes,Web development,1,UI/UX,Single,Yes,Family,No,2.01,No,3.15,131,50000,STU2080,70.0,No,Single,UI/UX Design,Web Development,At Risk,1,1,At Risk,0.8823111518865994,0.8823111518865994
2021,Female,20,2020,BCSE,9,Yes,Yes,3,2,Online,Yes,Yes,3,Intermediate,76,No,No,Yes,Artificial Intelligence,3,Hardware,Single,Yes,Family,No,2.77,No,3.8,129,50000,STU2081,76.0,No,Single,Hardware,Artificial Intelligence,Good,0,0,Good,0.11187596691135708,0.888124033088643
2019,Female,22,2018,BCSE,11,No,Yes,5,3,Online,Yes,Yes,11,Intermediate,80,No,No,No,Web development,2,UI/UX,Single,No,Bachelor,No,2.04,No,3.16,143,51000,STU2082,80.0,No,Single,UI/UX Design,Web Development,At Risk,1,1,At Risk,0.7918468899387705,0.7918468899387705
2021,Male,20,2020,BCSE,7,Yes,Yes,5,3,Online,Yes,Yes,4,Intermediate,55,No,No,Yes,Cyber security,2,Data Science,Single,No,Family,No,2.01,No,3.13,101,51000,STU2083,55.0,No,Single,Data Science,Cyber Security,At Risk,1,1,At Risk,0.8461856060107001,0.8461856060107001
2021,Female,20,2020,BCSE,8,No,Yes,3,2,Online,Yes,Yes,3,Basic,24,No,No,Yes,Programming,4,UI/UX,Relationship,Yes,Bachelor,No,1.87,No,2.93,117,52000,STU2084,24.0,No,Relationship,UI/UX Design,Programming,At Risk,1,1,At Risk,0.9112222222222222,0.9112222222222222
2020,Male,24,2019,BCSE,10,Yes,Yes,6,2,Offline,Yes,Yes,3,Advance,100,No,No,No,Cyber security,1,Data Science,Married,Yes,Family,No,2.02,No,3.11,134,53000,STU2085,100.0,No,Married,Data Science,Cyber Security,At Risk,1,1,At Risk,0.7442093849093138,0.7442093849093138
2021,Male,21,2021,BCSE,9,No,Yes,3,2,Offline,Yes,Yes,6,Intermediate,70,No,No,Yes,Programming,2,UI/UX,Relationship,Yes,Bachelor,No,1.98,No,2.97,105,53000,STU2086,70.0,No,Relationship,UI/UX Design,Programming,At Risk,1,1,At Risk,0.9043064649201809,0.9043064649201809
2020,Male,21,2019,BCSE,9,No,Yes,4,2,Online,Yes,Yes,5,Advance,100,No,No,No,Cyber security,1,Software,Single,Yes,Family,No,2.56,No,3.79,132,55000,STU2087,100.0,No,Single,Software,Cyber Security,Good,0,0,Good,0.20118690121170296,0.7988130987882971
2019,Male,23,2019,BCSE,11,No,Yes,3,1,Online,Yes,Yes,2,Intermediate,100,Yes,No,No,Networking,1,Hardware,Married,Yes,Family,No,1.54,No,2.66,136,55000,STU2088,100.0,No,Married,Hardware,Networking,At Risk,1,1,At Risk,0.895,0.895
2020,Male,23,2019,BCSE,11,No,Yes,3,3,Offline,Yes,Yes,1,Intermediate,100,No,No,No,Programming,1,Software,Single,Yes,Bachelor,No,1.56,No,2.65,143,55000,STU2089,100.0,No,Single,Software,Programming,At Risk,1,1,At Risk,0.8416584779536742,0.8416584779536742
2022,Female,20,2020,BCSE,6,No,Yes,3,2,Offline,Yes,Yes,3,Basic,30,No,No,Yes,Networking,1,Hardware,Relationship,Yes,Family,No,1.88,No,2.98,77,55000,STU2090,30.0,No,Relationship,Hardware,Networking,At Risk,1,1,At Risk,0.9587963659147871,0.9587963659147871
2020,Male,22,2020,BCSE,10,No,Yes,1,2,Offline,Yes,No,2,Intermediate,100,No,No,No,Web development,2,Data Science,Single,No,Bachelor,Yes,2.76,No,3.8,136,55000,STU2091,100.0,Yes,Single,Data Science,Web Development,Good,0,0,Good,0.1864088204382546,0.8135911795617454
2022,Female,20,2021,BCSE,4,No,Yes,3,2,Offline,Yes,Yes,2,Intermediate,85,No,No,Yes,Programming,2,Data Science,Single,Yes,Bachelor,No,1.56,No,2.97,67,55000,STU2092,85.0,No,Single,Data Science,Programming,At Risk,1,1,At Risk,0.8959355709761887,0.8959355709761887
2019,Female,21,2018,BCSE,10,No,Yes,1,1,Online,Yes,Yes,9,Intermediate,57,Yes,No,No,Cyber security,1,Hardware,Relationship,Yes,Bachelor,Yes,1.24,No,2.35,137,56000,STU2093,57.0,Yes,Relationship,Hardware,Cyber Security,At Risk,1,1,At Risk,0.9118181818181819,0.9118181818181819
2020,Female,21,2019,BCSE,10,No,Yes,5,2,Online,Yes,Yes,4,Advance,90,No,No,Yes,Machine Learning,2,Software,Single,Yes,Family,No,1.95,No,2.92,139,58000,STU2094,90.0,No,Single,Software,Machine Learning,At Risk,1,1,At Risk,0.839372050738681,0.839372050738681
2021,Female,21,2021,BCSE,9,No,Yes,1,1,Offline,Yes,Yes,2,Advance,50,Yes,No,No,Cyber security,2,Data Science,Married,Yes,Family,Yes,1.65,No,2.7,139,59000,STU2095,50.0,Yes,Married,Data Science,Cyber Security,At Risk,1,1,At Risk,0.8762467532467533,0.8762467532467533
2018,Female,24,2016,BCSE,8,No,Yes,3,2,Online,Yes,Yes,8,Intermediate,89,Yes,No,No,Networking,1,Data Science,Married,No,Family,No,1.11,No,2.35,95,60000,STU2096,89.0,No,Married,Data Science,Networking,At Risk,1,1,At Risk,0.8671195652173913,0.8671195652173913
2020,Female,24,2018,BCSE,9,No,Yes,1,2,Offline,Yes,Yes,8,Intermediate,70,No,No,No,Networking,2,Hardware,Single,No,Bachelor,No,1.71,No,2.82,118,60000,STU2097,70.0,No,Single,Hardware,Networking,At Risk,1,1,At Risk,0.8712395092136469,0.8712395092136469
2020,Male,23,2019,BCSE,11,Yes,Yes,4,2,Online,Yes,Yes,5,Intermediate,95,Yes,No,Yes,Networking,5,Data Science,Relationship,Yes,Bachelor,No,1.33,No,2.99,104,60000,STU2098,95.0,No,Relationship,Data Science,Networking,At Risk,1,1,At Risk,0.8187222222222222,0.8187222222222222
2021,Female,20,2020,BCSE,9,No,Yes,2,1,Offline,Yes,No,3,Intermediate,100,Yes,No,Yes,Artificial Intelligence,2,Data Science,Relationship,Yes,Bachelor,No,2.56,No,3.63,106,60000,STU2099,100.0,No,Relationship,Data Science,Artificial Intelligence,Good,0,0,Good,0.3347700216450217,0.6652299783549783
2022,Male,22,2022,BCSE,3,Yes,Yes,4,2,Offline,Yes,Yes,3,Intermediate,100,No,No,No,Web development,2,UI/UX,Single,No,Bachelor,No,2.81,No,3.97,51,60000,STU2100,100.0,No,Single,UI/UX Design,Web Development,Good,0,0,Good,0.19698013115923074,0.8030198688407693
2020,Female,21,2020,BCSE,10,Yes,Yes,2,1,Offline,Yes,Yes,1,Advance,100,No,No,No,Artificial Intelligence,1,Software,Relationship,No,Bachelor,No,2.73,No,3.81,135,61000,STU2101,100.0,No,Relationship,Software,Artificial Intelligence,Good,0,0,Good,0.14048256210972065,0.8595174378902793
2021,Female,19,2021,BCSE,6,No,Yes,7,3,Offline,Yes,Yes,3,Intermediate,89,No,No,No,Programming,1,UI/UX,Relationship,No,Family,No,1.88,No,2.9,132,64000,STU2102,89.0,No,Relationship,UI/UX Design,Programming,At Risk,1,1,At Risk,0.840987977751377,0.840987977751377
2022,Male,23,2020,BCSE,5,Yes,Yes,2,3,Online,Yes,Yes,3,Basic,90,No,No,No,Networking,3,Hardware,Single,Yes,Family,No,2.33,No,3.68,43,65000,STU2103,90.0,No,Single,Hardware,Networking,Good,0,0,Good,0.32655921263256926,0.6734407873674307
2019,Male,24,2018,BCSE,11,No,Yes,3,2,Online,Yes,Yes,5,Intermediate,100,No,No,Yes,Web development,2,Software,Single,No,Bachelor,Yes,2.22,No,3.45,132,66000,STU2104,100.0,Yes,Single,Software,Web Development,Good,0,0,Good,0.2458154442053593,0.7541845557946407
2021,Male,20,2020,BCSE,9,No,Yes,2,1,Offline,Yes,Yes,3,Advance,45,No,No,No,Networking,2,Hardware,Single,No,Bachelor,No,1.45,No,2.53,117,66000,STU2105,45.0,No,Single,Hardware,Networking,At Risk,1,1,At Risk,0.9009383116883116,0.9009383116883116
2022,Female,20,2021,BCSE,5,No,Yes,4,2,Online,Yes,Yes,3,Intermediate,100,No,No,No,Programming,1,Software,Single,Yes,Bachelor,Yes,1.76,No,2.82,62,66000,STU2106,100.0,Yes,Single,Software,Programming,At Risk,1,1,At Risk,0.8504941084788235,0.8504941084788235
2022,Female,20,2021,BCSE,5,Yes,Yes,5,3,Offline,Yes,Yes,3,Intermediate,100,No,No,Yes,Web development,2,Software,Single,Yes,Family,Yes,2.66,No,3.79,58,67000,STU2107,100.0,Yes,Single,Software,Web Development,Good,0,0,Good,0.2402601026699485,0.7597398973300515
2020,Female,25,2019,BCSE,11,No,Yes,2,2,Offline,Yes,Yes,2,Intermediate,43,Yes,No,Yes,Networking,2,Hardware,Relationship,Yes,Bachelor,No,2.55,No,3.6,143,68000,STU2108,43.0,No,Relationship,Hardware,Networking,Good,0,0,Good,0.14259730929989553,0.8574026907001044
2020,Female,21,2020,BCSE,11,No,Yes,4,2,Offline,Yes,Yes,3,Intermediate,87,No,No,Yes,Networking,4,Hardware,Married,No,Family,No,2.71,No,3.78,143,68000,STU2109,87.0,No,Married,Hardware,Networking,Good,0,0,Good,0.16247054296540347,0.8375294570345966
2022,Female,20,2021,BCSE,5,No,Yes,3,1,Offline,Yes,Yes,8,Intermediate,88,No,No,No,Web development,3,UI/UX,Relationship,No,Bachelor,Yes,2.22,No,3.19,87,68000,STU2110,88.0,Yes,Relationship,UI/UX Design,Web Development,At Risk,1,1,At Risk,0.5141284565520294,0.5141284565520294
2021,Male,21,2021,BCSE,4,No,Yes,1,1,Online,Yes,Yes,7,Intermediate,80,Yes,Yes,No,Machine Learning,1,Software,Relationship,Yes,Bachelor,No,1.95,No,2.88,43,68000,STU2111,80.0,No,Relationship,Software,Machine Learning,At Risk,1,1,At Risk,0.8540579710144928,0.8540579710144928
2021,Female,22,2018,BCSE,6,Yes,Yes,2,2,Online,Yes,Yes,1,Intermediate,100,No,No,Yes,Web development,1,Data Science,Single,No,Family,No,2.77,No,3.56,56,70000,STU2112,100.0,No,Single,Data Science,Web Development,Good,0,0,Good,0.1498946817283131,0.8501053182716869
2019,Male,21,2018,BCSE,8,Yes,Yes,7,2,Offline,Yes,Yes,2,Advance,100,No,No,No,Machine Learning,2,Hardware,Single,Yes,Bachelor,No,2.75,No,3.93,125,70000,STU2113,100.0,No,Single,Hardware,Machine Learning,Good,0,0,Good,0.04529166666666667,0.9547083333333334
2021,Female,21,2020,BCSE,6,Yes,Yes,6,2,Offline,Yes,Yes,6,Intermediate,100,No,No,Yes,Networking,6,Software,Single,No,Bachelor,No,2.61,No,3.78,35,70000,STU2114,100.0,No,Single,Software,Networking,Good,0,0,Good,0.23776249815760497,0.762237501842395
2020,Female,22,2020,BCSE,7,No,Yes,6,2,Online,Yes,Yes,4,Advance,30,Yes,No,Yes,Cyber security,1,UI/UX,Relationship,No,Family,No,1.35,No,2.65,105,70000,STU2115,30.0,No,Relationship,UI/UX Design,Cyber Security,At Risk,1,1,At Risk,0.8838177307742524,0.8838177307742524
2020,Male,20,2020,BCSE,10,No,Yes,1,3,Offline,Yes,Yes,2,Advance,87,Yes,No,No,Networking,1,Hardware,Relationship,No,Bachelor,No,2.44,No,3.56,135,70000,STU2116,87.0,No,Relationship,Hardware,Networking,Good,0,0,Good,0.23327651515151515,0.7667234848484848
2022,Female,20,2021,BCSE,6,No,Yes,4,3,Offline,Yes,Yes,2,Advance,100,No,No,Yes,Web development,1,Software,Relationship,Yes,Bachelor,Yes,1.56,No,2.64,78,70000,STU2117,100.0,Yes,Relationship,Software,Web Development,At Risk,1,1,At Risk,0.9031556306012828,0.9031556306012828
2022,Female,20,2021,BCSE,5,No,Yes,3,3,Offline,Yes,Yes,2,Advance,100,No,No,Yes,Networking,1,Hardware,Relationship,No,Bachelor,No,1.76,No,2.84,58,70000,STU2118,100.0,No,Relationship,Hardware,Networking,At Risk,1,1,At Risk,0.9029137829762829,0.9029137829762829
2022,Female,20,2020,BCSE,4,No,Yes,5,4,Offline,Yes,Yes,6,Intermediate,70,No,No,Yes,Web development,2,Software,Relationship,Yes,Family,No,1.9,No,3.13,89,71000,STU2119,70.0,No,Relationship,Software,Web Development,At Risk,1,1,At Risk,0.8976192498703941,0.8976192498703941
2021,Male,21,2020,BCSE,6,No,Yes,4,2,Offline,Yes,Yes,6,Intermediate,100,No,No,Yes,Programming,3,UI/UX,Single,No,Family,No,1.99,No,3.05,79,71000,STU2120,100.0,No,Single,UI/UX Design,Programming,At Risk,1,1,At Risk,0.8441516187599423,0.8441516187599423
2022,Female,21,2021,BCSE,7,No,Yes,1,2,Offline,Yes,Yes,2,Intermediate,56,Yes,No,No,Artificial Intelligence,2,Data Science,Relationship,No,Family,No,2.43,No,3.55,107,71000,STU2121,56.0,No,Relationship,Data Science,Artificial Intelligence,Good,0,0,Good,0.17645959760764263,0.8235404023923574
2019,Female,23,2019,BCSE,10,No,Yes,5,1,Offline,Yes,Yes,2,Basic,91,No,No,No,Programming,2,Software,Single,No,Bachelor,Yes,1.67,No,2.74,137,74000,STU2122,91.0,Yes,Single,Software,Programming,At Risk,1,1,At Risk,0.892933885118391,0.892933885118391
2020,Female,20,2020,BCSE,11,Yes,Yes,4,1,Offline,Yes,Yes,2,Intermediate,100,Yes,No,No,Networking,1,Hardware,Married,No,Family,No,2.78,No,3.83,143,74000,STU2123,100.0,No,Married,Hardware,Networking,Good,0,0,Good,0.09012157071956287,0.9098784292804372
2020,Male,22,2019,BCSE,9,Yes,Yes,3,4,Offline,Yes,Yes,6,Advance,100,No,No,No,Programming,3,UI/UX,Single,No,Bachelor,Yes,1.81,No,2.95,137,75000,STU2124,100.0,Yes,Single,UI/UX Design,Programming,At Risk,1,1,At Risk,0.8140711307707952,0.8140711307707952
2020,Male,20,2020,BCSE,11,Yes,Yes,7,4,Offline,Yes,Yes,2,Advance,100,No,No,No,Cyber security,3,Data Science,Single,Yes,Family,No,2.91,No,3.97,139,75000,STU2125,100.0,No,Single,Data Science,Cyber Security,Good,0,0,Good,0.08870591044005678,0.9112940895599432
2023,Male,19,2022,BCSE,2,No,Yes,3,1,Online,Yes,Yes,5,Basic,100,No,No,No,Cyber security,1,UI/UX,Single,No,Bachelor,No,2.65,No,3.57,27,75000,STU2126,100.0,No,Single,UI/UX Design,Cyber Security,Good,0,0,Good,0.3979486058852199,0.60205139411478
2019,Male,24,2018,BCSE,11,No,Yes,4,2,Online,Yes,Yes,6,Intermediate,77,No,No,Yes,Cyber security,2,Data Science,Single,No,Family,Yes,2.23,No,3.65,145,76000,STU2127,77.0,Yes,Single,Data Science,Cyber Security,Good,0,0,Good,0.3582083910195857,0.6417916089804143
2020,Female,21,2019,BCSE,7,No,Yes,3,1,Online,Yes,Yes,6,Basic,86,No,No,No,Web development,3,Software,Single,No,Family,Yes,2.13,No,3.28,98,77000,STU2128,86.0,Yes,Single,Software,Web Development,Good,0,1,At Risk,0.5854287099995716,0.5854287099995716
2019,Male,23,2019,BCSE,11,Yes,Yes,5,3,Offline,Yes,Yes,5,Intermediate,100,No,No,Yes,Machine Learning,2,Software,Single,Yes,Family,No,2.66,No,3.85,145,77000,STU2129,100.0,No,Single,Software,Machine Learning,Good,0,0,Good,0.11205947579541727,0.8879405242045827
2020,Female,20,2020,BCSE,11,No,Yes,3,3,Online,Yes,No,3,Intermediate,100,No,No,Yes,Web development,4,Software,Single,Yes,Family,No,2.87,No,3.9,143,77000,STU2130,100.0,No,Single,Software,Web Development,Good,0,0,Good,0.20390978688406336,0.7960902131159366
2022,Female,20,2021,BCSE,7,No,Yes,2,2,Online,Yes,Yes,3,Intermediate,67,No,No,Yes,Networking,3,Hardware,Relationship,Yes,Bachelor,Yes,2.65,No,3.75,95,77000,STU2131,67.0,Yes,Relationship,Hardware,Networking,Good,0,0,Good,0.1786382413714537,0.8213617586285463
2021,Female,22,2021,BCSE,10,No,Yes,2,3,Online,Yes,No,1,Intermediate,100,No,No,No,Web development,2,Software,Relationship,Yes,Family,No,1.38,No,2.51,134,77000,STU2132,100.0,No,Relationship,Software,Web Development,At Risk,1,1,At Risk,0.8628454884650537,0.8628454884650537
2019,Male,25,2018,BCSE,11,Yes,Yes,5,3,Online,Yes,No,12,Intermediate,100,No,No,Yes,Machine Learning,2,UI/UX,Married,No,Family,No,2.19,No,3.45,103,78000,STU2133,100.0,No,Married,UI/UX Design,Machine Learning,Good,0,0,Good,0.1403302012333658,0.8596697987666342
2020,Female,20,2019,BCSE,8,No,Yes,3,1,Offline,Yes,No,6,Intermediate,80,No,No,No,Web development,3,Data Science,Single,No,Family,No,2.11,No,3.46,101,78000,STU2134,80.0,No,Single,Data Science,Web Development,Good,0,0,Good,0.1647343302357597,0.8352656697642403
2020,Female,25,2019,BCSE,11,No,Yes,1,2,Offline,Yes,Yes,2,Basic,67,Yes,No,No,Machine Learning,4,Data Science,Married,Yes,Family,No,1.78,No,2.8,143,78000,STU2135,67.0,No,Married,Data Science,Machine Learning,At Risk,1,1,At Risk,0.9328571428571428,0.9328571428571428
2021,Female,19,2021,BCSE,7,No,Yes,3,2,Offline,Yes,Yes,5,Intermediate,100,No,No,No,Artificial Intelligence,2,Hardware,Single,No,Bachelor,No,2.45,No,3.76,100,78000,STU2136,100.0,No,Single,Hardware,Artificial Intelligence,Good,0,0,Good,0.14039540355528868,0.8596045964447113
2021,Male,20,2020,BCSE,10,No,Yes,2,3,Offline,Yes,Yes,2,Intermediate,100,Yes,No,No,Networking,4,Hardware,Single,Yes,Family,No,2.67,No,3.7,132,79000,STU2137,100.0,No,Single,Hardware,Networking,Good,0,0,Good,0.23802318095689354,0.7619768190431064
2021,Male,21,2021,BCSE,9,Yes,Yes,3,3,Online,Yes,Yes,2,Basic,100,Yes,No,Yes,Programming,2,Data Science,Relationship,Yes,Family,No,2.61,No,3.77,123,79000,STU2138,100.0,No,Relationship,Data Science,Programming,Good,0,0,Good,0.2194980192416525,0.7805019807583475
2020,Female,25,2018,BCSE,12,Yes,Yes,6,2,Online,Yes,Yes,6,Intermediate,80,No,No,Yes,Web development,3,Software,Married,No,Family,No,1.61,No,2.81,133,80000,STU2139,80.0,No,Married,Software,Web Development,At Risk,1,1,At Risk,0.5771693124975382,0.5771693124975382
2020,Male,23,2019,BCSE,9,No,Yes,1,1,Offline,Yes,Yes,5,Basic,100,No,No,Yes,Networking,1,Hardware,Married,No,Bachelor,No,2.89,No,3.89,102,80000,STU2140,100.0,No,Married,Hardware,Networking,Good,0,0,Good,0.32875873073449907,0.671241269265501
2021,Female,20,2020,BCSE,9,No,Yes,2,2,Offline,Yes,Yes,3,Basic,100,Yes,No,No,Cyber security,4,Data Science,Married,Yes,Family,No,1.68,No,2.71,101,80000,STU2141,100.0,No,Married,Data Science,Cyber Security,At Risk,1,1,At Risk,0.98,0.98
2020,Male,20,2020,BCSE,11,No,Yes,1,1,Offline,Yes,Yes,3,Advance,100,No,No,Yes,Cyber security,2,Data Science,Relationship,Yes,Bachelor,No,1.63,No,2.7,143,80000,STU2142,100.0,No,Relationship,Data Science,Cyber Security,At Risk,1,1,At Risk,0.8700624044365481,0.8700624044365481
2021,Male,20,2021,BCSE,7,No,Yes,2,1,Offline,Yes,Yes,2,Advance,95,No,No,Yes,Machine Learning,3,Software,Relationship,No,Family,No,1.56,No,2.64,97,80000,STU2143,95.0,No,Relationship,Software,Machine Learning,At Risk,1,1,At Risk,0.8804968674677215,0.8804968674677215
2020,Male,20,2020,BCSE,11,No,Yes,4,1,Offline,Yes,Yes,2,Intermediate,100,Yes,No,Yes,Artificial Intelligence,4,Data Science,Relationship,Yes,Bachelor,No,2.75,No,3.8,143,81000,STU2144,100.0,No,Relationship,Data Science,Artificial Intelligence,Good,0,0,Good,0.06920087149692412,0.9307991285030759
2020,Male,22,2018,BCSE,7,Yes,Yes,6,3,Offline,Yes,No,3,Advance,100,No,No,No,Web development,3,Software,Single,No,Family,No,2.56,No,3.95,115,85000,STU2145,100.0,No,Single,Software,Web Development,Good,0,0,Good,0.14000891609431906,0.8599910839056809
2020,Female,22,2020,BCSE,11,No,Yes,2,3,Offline,Yes,Yes,1,Intermediate,100,Yes,No,No,Web development,4,Software,Married,No,Family,No,2.56,No,3.66,143,86000,STU2146,100.0,No,Married,Software,Web Development,Good,0,0,Good,0.27333746389617647,0.7266625361038235
2019,Male,24,2018,BCSE,11,No,Yes,5,2,Offline,Yes,Yes,3,Intermediate,89,Yes,No,No,Networking,4,Hardware,Single,Yes,Bachelor,No,1.76,No,2.89,143,87000,STU2147,89.0,No,Single,Hardware,Networking,At Risk,1,1,At Risk,0.9207298850574712,0.9207298850574712
2020,Male,23,2019,BCSE,10,No,Yes,2,2,Offline,Yes,Yes,3,Intermediate,79,Yes,No,No,Networking,1,Hardware,Single,Yes,Bachelor,No,2.87,No,3.91,139,88000,STU2148,79.0,No,Single,Hardware,Networking,Good,0,0,Good,0.1519431818181818,0.8480568181818182
2022,Male,20,2021,BCSE,7,No,Yes,3,1,Offline,Yes,Yes,2,Basic,50,No,No,No,Artificial Intelligence,4,Data Science,Relationship,Yes,Bachelor,No,1.56,No,2.63,88,88000,STU2149,50.0,No,Relationship,Data Science,Artificial Intelligence,At Risk,1,1,At Risk,0.9588708708708709,0.9588708708708709
2019,Male,21,2018,BCSE,11,Yes,Yes,2,1,Offline,Yes,Yes,4,Intermediate,100,No,No,Yes,Machine Learning,2,Data Science,Relationship,Yes,Bachelor,Yes,2.57,No,3.88,145,89000,STU2150,100.0,Yes,Relationship,Data Science,Machine Learning,Good,0,0,Good,0.1225566819272361,0.8774433180727639
2019,Male,25,2018,BCSE,11,No,Yes,4,2,Online,Yes,Yes,3,Advance,81,No,No,No,Artificial Intelligence,2,Data Science,Single,Yes,Family,No,1.5,No,2.63,143,89000,STU2151,81.0,No,Single,Data Science,Artificial Intelligence,At Risk,1,1,At Risk,0.9069444444444444,0.9069444444444444
2021,Female,20,2020,BCSE,10,No,Yes,3,3,Offline,Yes,Yes,1,Intermediate,100,No,No,No,Machine Learning,2,Data Science,Single,No,Bachelor,No,2.55,No,3.6,135,89000,STU2152,100.0,No,Single,Data Science,Machine Learning,Good,0,0,Good,0.1192468529017442,0.8807531470982558
2022,Female,19,2021,BCSE,4,Yes,Yes,5,2,Offline,Yes,Yes,4,Advance,100,No,No,Yes,Machine Learning,2,Hardware,Single,Yes,Family,No,2.56,No,3.89,29,89000,STU2153,100.0,No,Single,Hardware,Machine Learning,Good,0,0,Good,0.20383091116505864,0.7961690888349413
2019,Male,24,2019,BCSE,11,Yes,Yes,6,3,Online,Yes,No,2,Advance,100,No,No,Yes,Artificial Intelligence,1,Hardware,Single,Yes,Family,No,2.87,No,3.94,143,90000,STU2154,100.0,No,Single,Hardware,Artificial Intelligence,Good,0,0,Good,0.08318892391165368,0.9168110760883463
2019,Female,24,2019,BCSE,11,No,No,1,2,Offline,Yes,No,5,Advance,100,No,No,Yes,Networking,2,Hardware,Single,Yes,Bachelor,No,2.48,No,3.78,144,90000,STU2155,100.0,No,Single,Hardware,Networking,Good,0,0,Good,0.09624078781051287,0.9037592121894871
2021,Male,24,2019,BCSE,6,No,Yes,1,1,Offline,Yes,Yes,10,Advance,90,No,No,No,Networking,1,Hardware,Single,No,Bachelor,No,1.35,No,2.65,98,90000,STU2156,90.0,No,Single,Hardware,Networking,At Risk,1,1,At Risk,0.8951929413179414,0.8951929413179414
2020,Male,22,2020,BCSE,7,No,Yes,5,2,Online,Yes,Yes,8,Advance,100,No,No,No,Web development skill,2,UI/UX,Single,No,Family,No,1.56,No,2.98,99,90000,STU2157,100.0,No,Single,UI/UX Design,Web Development,At Risk,1,1,At Risk,0.8643553074156235,0.8643553074156235
2021,Female,20,2020,BCSE,8,No,Yes,4,3,Offline,Yes,Yes,4,Intermediate,65,Yes,No,Yes,Artificial Intelligence,2,Software,Single,Yes,Family,No,1.66,No,2.45,105,90000,STU2158,65.0,No,Single,Software,Artificial Intelligence,At Risk,1,1,At Risk,0.9493333333333334,0.9493333333333334
2022,Male,20,2021,BCSE,5,No,Yes,2,2,Offline,Yes,No,3,Advance,100,No,No,Yes,Web development skill,2,Software,Relationship,No,Family,Yes,1.86,No,2.91,60,93000,STU2159,100.0,Yes,Relationship,Software,Web Development,At Risk,1,1,At Risk,0.8983614162844933,0.8983614162844933
2023,Female,19,2021,BCSE,2,No,Yes,4,3,Offline,Yes,Yes,3,Intermediate,100,No,No,No,Artificial Intelligence,2,Software,Single,No,Bachelor,No,2.77,No,3.83,30,95000,STU2160,100.0,No,Single,Software,Artificial Intelligence,Good,0,0,Good,0.3973495217491607,0.6026504782508393
2022,Female,21,2021,BCSE,6,No,Yes,1,2,Offline,Yes,Yes,3,Intermediate,53,Yes,No,No,Networking,1,Hardware,Relationship,No,Bachelor,No,2.81,No,3.9,83,95000,STU2161,53.0,No,Relationship,Hardware,Networking,Good,0,0,Good,0.1312209595959596,0.8687790404040404
2021,Female,21,2020,BCSE,9,Yes,Yes,2,1,Offline,Yes,Yes,3,Advance,100,Yes,No,No,Artificial Intelligence,2,Data Science,Single,Yes,Family,No,2.75,No,3.81,120,96000,STU2162,100.0,No,Single,Data Science,Artificial Intelligence,Good,0,0,Good,0.22339995555312012,0.7766000444468799
2019,Male,25,2018,BCSE,11,No,Yes,5,1,Offline,Yes,Yes,3,Advance,67,No,No,Yes,Web development,4,Software,Single,Yes,Bachelor,No,1.56,No,2.63,143,97000,STU2163,67.0,No,Single,Software,Web Development,At Risk,1,1,At Risk,0.8938330596606459,0.8938330596606459
2020,Male,23,2019,BCSE,10,Yes,Yes,2,2,Offline,Yes,Yes,6,Intermediate,100,No,No,No,Networking,1,Hardware,Single,No,Family,No,2.91,No,3.98,91,97000,STU2164,100.0,No,Single,Hardware,Networking,Good,0,0,Good,0.07993024832520447,0.9200697516747955
2022,Male,21,2021,BCSE,5,No,Yes,2,2,Offline,Yes,No,2,Advance,54,No,No,No,Networking,2,Hardware,Married,No,Family,No,1.54,No,2.63,68,97000,STU2165,54.0,No,Married,Hardware,Networking,At Risk,1,1,At Risk,0.8924943667443667,0.8924943667443667
2019,Female,25,2018,BCSE,11,No,Yes,3,3,Offline,Yes,Yes,3,Intermediate,87,Yes,Yes,No,Networking,4,Hardware,Relationship,No,Bachelor,No,1.78,No,2.83,143,98000,STU2166,87.0,No,Relationship,Hardware,Networking,At Risk,1,1,At Risk,0.884896551724138,0.884896551724138
2022,Female,22,2019,BCSE,4,Yes,No,8,1,Online,Yes,Yes,10,Advance,70,Yes,No,Yes,Web development,1,UI/UX,Relationship,Yes,Family,No,2.9,No,3.88,60,100000,STU2167,70.0,No,Relationship,UI/UX Design,Web Development,Good,0,0,Good,0.19793859649122808,0.8020614035087719
2020,Male,21,2019,BCSE,9,No,Yes,3,1,Offline,Yes,Yes,3,Basic,56,Yes,No,No,Cyber security,4,Data Science,Relationship,Yes,Family,Yes,2.67,No,3.75,116,100000,STU2168,56.0,Yes,Relationship,Data Science,Cyber Security,Good,0,0,Good,0.17218906914752588,0.8278109308524741
2021,Male,20,2021,BCSE,8,No,Yes,4,2,Online,Yes,No,5,Intermediate,100,No,No,No,Cyber security,1,Data Science,Single,No,Family,No,2.33,No,3.45,102,100000,STU2169,100.0,No,Single,Data Science,Cyber Security,Good,0,0,Good,0.15350975707963616,0.8464902429203638
2020,Female,24,2018,BCSE,9,No,Yes,3,3,Offline,Yes,Yes,3,Intermediate,68,No,No,No,Networking,4,Hardware,Relationship,Yes,Bachelor,No,2.76,No,3.56,123,110000,STU2170,68.0,No,Relationship,Hardware,Networking,Good,0,0,Good,0.08394275264964919,0.9160572473503508
2021,Male,21,2020,BCSE,6,No,Yes,5,2,Online,Yes,Yes,9,Intermediate,60,Yes,No,No,Web development,2,Machine Learning,Relationship,No,Bachelor,No,1.23,No,2.76,89,110000,STU2171,60.0,No,Relationship,Machine Learning,Web Development,At Risk,1,1,At Risk,0.9466666666666668,0.9466666666666668
2020,Female,22,2020,BCSE,10,No,Yes,2,3,Online,Yes,Yes,3,Intermediate,55,Yes,No,No,Programming,4,UI/UX,Married,No,Family,No,2.35,No,3.48,135,116000,STU2172,55.0,No,Married,UI/UX Design,Programming,Good,0,0,Good,0.25287813620071686,0.7471218637992831
2020,Male,22,2019,BCSE,9,No,Yes,4,3,Offline,Yes,Yes,3,Intermediate,76,Yes,No,Yes,Networking,2,Hardware,Married,No,Family,No,1.34,No,2.48,103,117000,STU2173,76.0,No,Married,Hardware,Networking,At Risk,1,1,At Risk,0.9359113300492611,0.9359113300492611
2019,Female,25,2018,BCSE,11,Yes,Yes,6,3,Offline,Yes,Yes,3,Intermediate,90,No,No,Yes,Artificial Intelligence,2,Hardware,Single,No,Family,No,2.07,No,3.12,144,119000,STU2174,90.0,No,Single,Hardware,Artificial Intelligence,At Risk,1,1,At Risk,0.734538100323523,0.734538100323523
2020,Male,20,2020,BCSE,11,No,Yes,4,1,Online,Yes,Yes,2,Advance,100,Yes,No,No,Cyber security,1,Data Science,Single,Yes,Bachelor,No,2.56,No,3.6,143,120000,STU2175,100.0,No,Single,Data Science,Cyber Security,Good,0,0,Good,0.11436284548784548,0.8856371545121545
2022,Female,21,2021,BCSE,6,No,Yes,3,1,Offline,Yes,Yes,2,Basic,63,No,No,Yes,Networking,2,Hardware,Single,No,Family,No,1.77,No,2.8,78,120000,STU2176,63.0,No,Single,Hardware,Networking,At Risk,1,1,At Risk,0.8922203585887795,0.8922203585887795
2022,Female,20,2021,BCSE,6,No,Yes,3,2,Offline,Yes,Yes,3,Basic,66,Yes,Yes,No,Networking,4,Hardware,Relationship,No,Bachelor,No,2.67,No,3.77,78,120000,STU2177,66.0,No,Relationship,Hardware,Networking,Good,0,0,Good,0.21410256410256412,0.7858974358974359
2019,Female,22,2019,BCSE,11,No,Yes,2,1,Offline,Yes,Yes,3,Basic,100,No,No,Yes,Web development,4,Software,Single,Yes,Bachelor,No,1.86,No,2.93,143,121000,STU2178,100.0,No,Single,Software,Web Development,At Risk,1,1,At Risk,0.9053972949354564,0.9053972949354564
2022,Male,20,2020,BCSE,5,No,Yes,1,2,Offline,Yes,Yes,3,Intermediate,100,Yes,No,Yes,Web development,4,Software,Single,Yes,Bachelor,No,1.87,No,2.94,68,121000,STU2179,100.0,No,Single,Software,Web Development,At Risk,1,1,At Risk,0.9266666666666665,0.9266666666666665
2021,Male,20,2019,BCSE,7,No,Yes,2,1,Online,Yes,Yes,9,Intermediate,80,Yes,No,Yes,Programming,2,Software,Single,No,Family,Yes,1.22,No,2.78,107,130000,STU2180,80.0,Yes,Single,Software,Programming,At Risk,1,1,At Risk,0.9466666666666665,0.9466666666666665
2022,Female,21,2021,BCSE,6,No,Yes,3,3,Offline,Yes,Yes,2,Intermediate,100,Yes,No,Yes,Artificial Intelligence,4,Data Science,Relationship,Yes,Bachelor,No,1.4,No,2.54,77,130000,STU2181,100.0,No,Relationship,Data Science,Artificial Intelligence,At Risk,1,1,At Risk,0.9135210569421095,0.9135210569421095
2022,Female,20,2021,BCSE,5,No,Yes,3,3,Online,Yes,Yes,1,Intermediate,100,No,No,Yes,Cyber security,2,Data Science,Single,Yes,Family,No,1.78,No,2.83,59,135000,STU2182,100.0,No,Single,Data Science,Cyber Security,At Risk,1,1,At Risk,0.9097141505837157,0.9097141505837157
2022,Male,20,2021,BCSE,5,No,Yes,4,3,Offline,Yes,Yes,3,Intermediate,78,No,No,Yes,Web development,4,Software,Married,No,Family,No,1.77,No,2.85,63,136000,STU2183,78.0,No,Married,Software,Web Development,At Risk,1,1,At Risk,0.9288497311269589,0.9288497311269589
2019,Male,22,2018,BCSE,11,No,Yes,5,3,Offline,Yes,No,5,Advance,100,No,No,No,Programming,1,UI/UX,Single,No,Family,Yes,2.55,No,3.66,143,137000,STU2184,100.0,Yes,Single,UI/UX Design,Programming,Good,0,0,Good,0.33418224784370004,0.6658177521563
2021,Male,20,2021,BCSE,9,No,Yes,1,2,Offline,Yes,Yes,2,Advance,100,No,No,No,Artificial Intelligence,1,Software,Single,No,Bachelor,Yes,2.65,No,3.88,125,140000,STU2185,100.0,Yes,Single,Software,Artificial Intelligence,Good,0,0,Good,0.12962252511314148,0.8703774748868585
2019,Female,25,2018,BCSE,11,Yes,Yes,5,3,Offline,Yes,Yes,3,Intermediate,35,Yes,No,Yes,Networking,2,Hardware,Relationship,Yes,Bachelor,No,2.81,No,3.9,143,144000,STU2186,35.0,No,Relationship,Hardware,Networking,Good,0,0,Good,0.09044612794612794,0.9095538720538721
2021,Female,20,2020,BCSE,9,No,Yes,2,2,Offline,Yes,Yes,3,Intermediate,100,No,No,Yes,Web development,2,Data Science,Relationship,Yes,Family,No,2.34,No,3.44,113,167000,STU2187,100.0,No,Relationship,Data Science,Web Development,Good,0,0,Good,0.43745599165395155,0.5625440083460485
2020,Male,20,2020,BCSE,11,No,Yes,2,1,Offline,Yes,Yes,3,Advance,87,Yes,No,No,Cyber security,4,Data Science,Single,Yes,Family,No,2.35,No,3.43,143,170000,STU2188,87.0,No,Single,Data Science,Cyber Security,Good,0,0,Good,0.1530805052790347,0.8469194947209653
2021,Female,20,2020,BCSE,8,No,Yes,1,2,Online,Yes,Yes,2,Basic,46,Yes,No,No,Cyber security,2,Data Science,Relationship,Yes,Bachelor,No,2.65,No,3.77,100,180000,STU2189,46.0,No,Relationship,Data Science,Cyber Security,Good,0,0,Good,0.2507531882905924,0.7492468117094075
2022,Male,23,2020,BCSE,8,Yes,Yes,4,2,Offline,Yes,Yes,4,Basic,100,Yes,No,Yes,Programming,2,Software,Single,Yes,Bachelor,No,2.5,No,2.22,18,200000,STU2190,100.0,No,Single,Software,Programming,At Risk,1,1,At Risk,0.7350905673274094,0.7350905673274094
2021,Male,22,2020,BCSE,9,No,Yes,3,2,Offline,Yes,No,2,Basic,100,Yes,No,No,Networking,2,Hardware,Married,Yes,Family,No,1.56,No,2.78,100,200000,STU2191,100.0,No,Married,Hardware,Networking,At Risk,1,1,At Risk,0.9294200244200245,0.9294200244200245
2019,Female,25,2018,BCSE,11,No,Yes,5,3,Offline,Yes,Yes,3,Intermediate,100,No,No,Yes,Web development,4,Software,Single,No,Bachelor,No,1.4,No,2.52,136,210000,STU2192,100.0,No,Single,Software,Web Development,At Risk,1,1,At Risk,0.86867063627545,0.86867063627545
2018,Female,23,2017,BCSE,11,No,Yes,3,2,Online,Yes,Yes,5,Intermediate,100,No,No,No,Networking,1,Hardware,Relationship,Yes,Bachelor,No,1.34,No,2.88,88,250000,STU2193,100.0,No,Relationship,Hardware,Networking,At Risk,1,1,At Risk,0.9082326007326007,0.9082326007326007
